ORIGEM,ESCALA_1,ESCALA_2,ESCALA_3,ESCALA_4,ESCALA_5,ESCALA_6,DESTINO
ARACAJU,MACEIO,NULL,NULL,NULL,NULL,NULL,CAMPINAS
ARACAJU,NULL,NULL,NULL,NULL,NULL,NULL,MACEIO
ARACAJU,MACEIO,CAMPINAS,NULL,NULL,NULL,NULL,CUIABA
ARACAJU,MACEIO,CAMPINAS,NULL,NULL,NULL,NULL,GOIANIA
ARACAJU,MACEIO,CAMPINAS,NULL,NULL,NULL,NULL,BRASILIA
ARACAJU,CAMPINAS,NULL,NULL,NULL,NULL,NULL,CAMPO_GRANDE
ARACAJU,CAMPINAS,NULL,NULL,NULL,NULL,NULL,UBERABA
ARACAJU,CAMPINAS,NULL,NULL,NULL,NULL,NULL,RIBEIRAO_PRETO
ARACAJU,CAMPINAS,NULL,NULL,NULL,NULL,NULL,SAO_JOSE_DO_RIO_PRETO
ARACAJU,CAMPINAS,NULL,NULL,NULL,NULL,NULL,PRESIDENTE_PRUDENTE
ARACAJU,MACEIO,NULL,NULL,NULL,NULL,NULL,CONFINS
ARACAJU,SALVADOR,NULL,NULL,NULL,NULL,NULL,VITORIA
ARACAJU,MACEIO,CONFINS,NULL,NULL,NULL,NULL,CURITIBA
ARACAJU,CAMPINAS,NULL,NULL,NULL,NULL,NULL,JOINVILLE
ARACAJU,MACEIO,CAMPINAS,NULL,NULL,NULL,NULL,NAVEGANTES
ARACAJU,SALVADOR,CAMPINAS,NULL,NULL,NULL,NULL,FLORIANOPOLIS
ARACAJU,MACEIO,CONFINS,NULL,NULL,NULL,NULL,PORTO_ALEGRE
ARACATUBA,NULL,NULL,NULL,NULL,NULL,NULL,CAMPINAS
ARACATUBA,CAMPINAS,NULL,NULL,NULL,NULL,NULL,BRASILIA
BAURU,MARILIA,NULL,NULL,NULL,NULL,NULL,CAMPINAS
BAURU,NULL,NULL,NULL,NULL,NULL,NULL,MARILIA
BELEM,SANTAREM,ITAITUBA,NULL,NULL,NULL,NULL,MANAUS
BELEM,MARABA,CARAJAS,NULL,NULL,NULL,NULL,CONFINS
BELEM,FORTALEZA,TERESINA,NULL,NULL,NULL,NULL,SAO_LUIS
BELEM,NULL,NULL,NULL,NULL,NULL,NULL,FORTALEZA
BELEM,FORTALEZA,NULL,NULL,NULL,NULL,NULL,RECIFE
BELEM,FORTALEZA,RECIFE,NULL,NULL,NULL,NULL,SALVADOR
BELEM,FORTALEZA,RECIFE,SALVADOR,NULL,NULL,NULL,ILHEUS
BELEM,FORTALEZA,RECIFE,SALVADOR,NULL,NULL,NULL,VITORIA
BELEM,CONFINS,CAMPINAS,NULL,NULL,NULL,NULL,UBERABA
BELEM,MARABA,CONFINS,NULL,NULL,NULL,NULL,RIBEIRAO_PRETO
BELEM,MARABA,CONFINS,CAMPINAS,NULL,NULL,NULL,SAO_JOSE_DO_RIO_PRETO
BELEM,CONFINS,CAMPINAS,NULL,NULL,NULL,NULL,PRESIDENTE_PRUDENTE
BELEM,CONFINS,CAMPINAS,NULL,NULL,NULL,NULL,SAO_JOSE_DOS_CAMPOS
BELEM,MARABA,CONFINS,CAMPINAS,NULL,NULL,NULL,CURITIBA
BELEM,CONFINS,CAMPINAS,NULL,NULL,NULL,NULL,JOINVILLE
BELEM,MARABA,CONFINS,CAMPINAS,NULL,NULL,NULL,NAVEGANTES
BELEM,MARABA,CARAJAS,CONFINS,NULL,NULL,NULL,PORTO_ALEGRE
BELEM,CONFINS,NULL,NULL,NULL,NULL,NULL,CAMPINAS
BRASILIA,NULL,NULL,NULL,NULL,NULL,NULL,CONFINS
BRASILIA,NULL,NULL,NULL,NULL,NULL,NULL,CAMPINAS
BRASILIA,CONFINS,NULL,NULL,NULL,NULL,NULL,SAO_LUIS
BRASILIA,CAMPINAS,NULL,NULL,NULL,NULL,NULL,TERESINA
BRASILIA,CAMPINAS,NULL,NULL,NULL,NULL,NULL,FORTALEZA
BRASILIA,CAMPINAS,NULL,NULL,NULL,NULL,NULL,NATAL
BRASILIA,BARREIRAS,SALVADOR,NULL,NULL,NULL,NULL,RECIFE
BRASILIA,CAMPINAS,ILHEUS,NULL,NULL,NULL,NULL,MACEIO
BRASILIA,CAMPINAS,ILHEUS,MACEIO,NULL,NULL,NULL,ARACAJU
BRASILIA,CAMPINAS,NULL,NULL,NULL,NULL,NULL,SALVADOR
BRASILIA,CONFINS,NULL,NULL,NULL,NULL,NULL,PORTO_SEGURO
BRASILIA,CONFINS,NULL,NULL,NULL,NULL,NULL,VITORIA
BRASILIA,CAMPINAS,NULL,NULL,NULL,NULL,NULL,CUIABA
BRASILIA,UBERLANDIA,NULL,NULL,NULL,NULL,NULL,UBERABA
BRASILIA,CUIABA,CAMPO_GRANDE,NULL,NULL,NULL,NULL,RIBEIRAO_PRETO
BRASILIA,CAMPINAS,NULL,NULL,NULL,NULL,NULL,SAO_JOSE_DO_RIO_PRETO
BRASILIA,CAMPINAS,NULL,NULL,NULL,NULL,NULL,PRESIDENTE_PRUDENTE
BRASILIA,CUIABA,NULL,NULL,NULL,NULL,NULL,CAMPO_GRANDE
BRASILIA,CAMPINAS,CURITIBA,NULL,NULL,NULL,NULL,FOZ_DO_IGUACU
BRASILIA,CONFINS,NULL,NULL,NULL,NULL,NULL,CURITIBA
BRASILIA,CAMPINAS,NULL,NULL,NULL,NULL,NULL,JOINVILLE
BRASILIA,CAMPINAS,NULL,NULL,NULL,NULL,NULL,NAVEGANTES
BRASILIA,CAMPINAS,NULL,NULL,NULL,NULL,NULL,FLORIANOPOLIS
BRASILIA,CONFINS,NULL,NULL,NULL,NULL,NULL,PORTO_ALEGRE
CALDAS_NOVAS,NULL,NULL,NULL,NULL,NULL,NULL,GOIANIA
CALDAS_NOVAS,GOIANIA,NULL,NULL,NULL,NULL,NULL,CAMPINAS
CAMPINAS,BRASILIA,NULL,NULL,NULL,NULL,NULL,MANAUS
CAMPINAS,BRASILIA,BELEM,NULL,NULL,NULL,NULL,MANAUS
CAMPINAS,BRASILIA,BELEM,SANTAREM,NULL,NULL,NULL,MANAUS
CAMPINAS,NULL,NULL,NULL,NULL,NULL,NULL,PORTO_VELHO
CAMPINAS,CUIABA,PORTO_VELHO,NULL,NULL,NULL,NULL,PORTO_VELHO
CAMPINAS,RIO_DE_JANEIRO,BRASILIA,NULL,NULL,NULL,NULL,PORTO_VELHO
CAMPINAS,CUIABA,NULL,NULL,NULL,NULL,NULL,SINOP
CAMPINAS,GOIANIA,NULL,NULL,NULL,NULL,NULL,PALMAS
CAMPINAS,BRASILIA,NULL,NULL,NULL,NULL,NULL,PALMAS
CAMPINAS,CONFINS,BRASILIA,NULL,NULL,NULL,NULL,PALMAS
CAMPINAS,RIO_DE_JANEIRO,BRASILIA,NULL,NULL,NULL,NULL,PALMAS
CAMPINAS,NULL,NULL,NULL,NULL,NULL,NULL,BRASILIA
CAMPINAS,CONFINS,NULL,NULL,NULL,NULL,NULL,BRASILIA
CAMPINAS,RIO_DE_JANEIRO,NULL,NULL,NULL,NULL,NULL,BRASILIA
CAMPINAS,RIO_DE_JANEIRO,CONFINS,NULL,NULL,NULL,NULL,BRASILIA
CAMPINAS,CONFINS,NULL,NULL,NULL,NULL,NULL,GOIANIA
CAMPINAS,BRASILIA,NULL,NULL,NULL,NULL,NULL,GOIANIA
CAMPINAS,CONFINS,BRASILIA,NULL,NULL,NULL,NULL,GOIANIA
CAMPINAS,RIO_DE_JANEIRO,BRASILIA,NULL,NULL,NULL,NULL,GOIANIA
CAMPINAS,NULL,NULL,NULL,NULL,NULL,NULL,CUIABA
CAMPINAS,BRASILIA,NULL,NULL,NULL,NULL,NULL,CUIABA
CAMPINAS,RIO_DE_JANEIRO,BRASILIA,NULL,NULL,NULL,NULL,CUIABA
CAMPINAS,NULL,NULL,NULL,NULL,NULL,NULL,UBERLANDIA
CAMPINAS,CONFINS,NULL,NULL,NULL,NULL,NULL,UBERLANDIA
CAMPINAS,RIO_DE_JANEIRO,CONFINS,NULL,NULL,NULL,NULL,UBERLANDIA
CAMPINAS,NULL,NULL,NULL,NULL,NULL,NULL,UBERABA
CAMPINAS,NULL,NULL,NULL,NULL,NULL,NULL,RIBEIRAO_PRETO
CAMPINAS,BRASILIA,RIO_DE_JANEIRO,NULL,NULL,NULL,NULL,RIBEIRAO_PRETO
CAMPINAS,NULL,NULL,NULL,NULL,NULL,NULL,SAO_JOSE_DO_RIO_PRETO
CAMPINAS,BRASILIA,CUIABA,NULL,NULL,NULL,NULL,SAO_JOSE_DO_RIO_PRETO
CAMPINAS,NULL,NULL,NULL,NULL,NULL,NULL,CAMPO_GRANDE
CAMPINAS,BRASILIA,NULL,NULL,NULL,NULL,NULL,CAMPO_GRANDE
CAMPINAS,RIO_DE_JANEIRO,BRASILIA,NULL,NULL,NULL,NULL,CAMPO_GRANDE
CAMPINAS,NULL,NULL,NULL,NULL,NULL,NULL,MARILIA
CAMPINAS,BAURU,NULL,NULL,NULL,NULL,NULL,MARILIA
CAMPINAS,NULL,NULL,NULL,NULL,NULL,NULL,ARACATUBA
CAMPINAS,NULL,NULL,NULL,NULL,NULL,NULL,BAURU
CAMPINAS,MARILIA,NULL,NULL,NULL,NULL,NULL,BAURU
CAMPINAS,NULL,NULL,NULL,NULL,NULL,NULL,PRESIDENTE_PRUDENTE
CAMPINAS,NULL,NULL,NULL,NULL,NULL,NULL,LONDRINA
CAMPINAS,RIO_DE_JANEIRO,CURITIBA,NULL,NULL,NULL,NULL,LONDRINA
CAMPINAS,NULL,NULL,NULL,NULL,NULL,NULL,MARINGA
CAMPINAS,CURITIBA,NULL,NULL,NULL,NULL,NULL,MARINGA
CAMPINAS,NULL,NULL,NULL,NULL,NULL,NULL,CASCAVEL
CAMPINAS,CURITIBA,NULL,NULL,NULL,NULL,NULL,CASCAVEL
CAMPINAS,NULL,NULL,NULL,NULL,NULL,NULL,FOZ_DO_IGUACU
CAMPINAS,CURITIBA,NULL,NULL,NULL,NULL,NULL,FOZ_DO_IGUACU
CAMPINAS,RIO_DE_JANEIRO,NULL,NULL,NULL,NULL,NULL,FOZ_DO_IGUACU
CAMPINAS,RIO_DE_JANEIRO,CURITIBA,NULL,NULL,NULL,NULL,FOZ_DO_IGUACU
CAMPINAS,BRASILIA,CURITIBA,NULL,NULL,NULL,NULL,FOZ_DO_IGUACU
CAMPINAS,NULL,NULL,NULL,NULL,NULL,NULL,CURITIBA
CAMPINAS,RIO_DE_JANEIRO,NULL,NULL,NULL,NULL,NULL,CURITIBA
CAMPINAS,RIO_DE_JANEIRO,PORTO_ALEGRE,NULL,NULL,NULL,NULL,CURITIBA
CAMPINAS,NULL,NULL,NULL,NULL,NULL,NULL,CAXIAS_DO_SUL
CAMPINAS,CURITIBA,NULL,NULL,NULL,NULL,NULL,CAXIAS_DO_SUL
CAMPINAS,NULL,NULL,NULL,NULL,NULL,NULL,PORTO_ALEGRE
CAMPINAS,NAVEGANTES,NULL,NULL,NULL,NULL,NULL,PORTO_ALEGRE
CAMPINAS,RIO_DE_JANEIRO,NULL,NULL,NULL,NULL,NULL,PORTO_ALEGRE
CAMPINAS,RIO_DE_JANEIRO,FLORIANOPOLIS,NULL,NULL,NULL,NULL,PORTO_ALEGRE
CAMPINAS,NULL,NULL,NULL,NULL,NULL,NULL,NAVEGANTES
CAMPINAS,NULL,NULL,NULL,NULL,NULL,NULL,JOINVILLE
CAMPINAS,NULL,NULL,NULL,NULL,NULL,NULL,FLORIANOPOLIS
CAMPINAS,RIO_DE_JANEIRO,NULL,NULL,NULL,NULL,NULL,FLORIANOPOLIS
CAMPINAS,RIO_DE_JANEIRO,PORTO_ALEGRE,NULL,NULL,NULL,NULL,FLORIANOPOLIS
CAMPINAS,NULL,NULL,NULL,NULL,NULL,NULL,TERESINA
CAMPINAS,RECIFE,NULL,NULL,NULL,NULL,NULL,TERESINA
CAMPINAS,BRASILIA,NULL,NULL,NULL,NULL,NULL,TERESINA
CAMPINAS,CURITIBA,BRASILIA,NULL,NULL,NULL,NULL,TERESINA
CAMPINAS,CONFINS,SAO_LUIS,NULL,NULL,NULL,NULL,TERESINA
CAMPINAS,RIO_DE_JANEIRO,FORTALEZA,NULL,NULL,NULL,NULL,TERESINA
CAMPINAS,NULL,NULL,NULL,NULL,NULL,NULL,FORTALEZA
CAMPINAS,RIO_DE_JANEIRO,NULL,NULL,NULL,NULL,NULL,FORTALEZA
CAMPINAS,RIO_DE_JANEIRO,RECIFE,NULL,NULL,NULL,NULL,FORTALEZA
CAMPINAS,BRASILIA,RIO_DE_JANEIRO,NULL,NULL,NULL,NULL,FORTALEZA
CAMPINAS,NULL,NULL,NULL,NULL,NULL,NULL,JUAZEIRO_DO_NORTE
CAMPINAS,RECIFE,NULL,NULL,NULL,NULL,NULL,JUAZEIRO_DO_NORTE
CAMPINAS,CONFINS,RECIFE,NULL,NULL,NULL,NULL,JUAZEIRO_DO_NORTE
CAMPINAS,NULL,NULL,NULL,NULL,NULL,NULL,NATAL
CAMPINAS,RIO_DE_JANEIRO,NULL,NULL,NULL,NULL,NULL,NATAL
CAMPINAS,RECIFE,NULL,NULL,NULL,NULL,NULL,NATAL
CAMPINAS,CONFINS,FORTALEZA,NULL,NULL,NULL,NULL,NATAL
CAMPINAS,BRASILIA,RIO_DE_JANEIRO,NULL,NULL,NULL,NULL,NATAL
CAMPINAS,NULL,NULL,NULL,NULL,NULL,NULL,JOAO_PESSOA
CAMPINAS,SALVADOR,NULL,NULL,NULL,NULL,NULL,JOAO_PESSOA
CAMPINAS,BRASILIA,NULL,NULL,NULL,NULL,NULL,JOAO_PESSOA
CAMPINAS,NULL,NULL,NULL,NULL,NULL,NULL,RECIFE
CAMPINAS,CONFINS,NULL,NULL,NULL,NULL,NULL,RECIFE
CAMPINAS,BRASILIA,NULL,NULL,NULL,NULL,NULL,RECIFE
CAMPINAS,RIO_DE_JANEIRO,BRASILIA,NULL,NULL,NULL,NULL,RECIFE
CAMPINAS,NULL,NULL,NULL,NULL,NULL,NULL,MACEIO
CAMPINAS,RIO_DE_JANEIRO,NULL,NULL,NULL,NULL,NULL,MACEIO
CAMPINAS,ARACAJU,NULL,NULL,NULL,NULL,NULL,MACEIO
CAMPINAS,RIO_DE_JANEIRO,BRASILIA,NULL,NULL,NULL,NULL,MACEIO
CAMPINAS,NULL,NULL,NULL,NULL,NULL,NULL,ARACAJU
CAMPINAS,MACEIO,NULL,NULL,NULL,NULL,NULL,ARACAJU
CAMPINAS,BRASILIA,RECIFE,NULL,NULL,NULL,NULL,ARACAJU
CAMPINAS,NULL,NULL,NULL,NULL,NULL,NULL,SALVADOR
CAMPINAS,RIO_DE_JANEIRO,NULL,NULL,NULL,NULL,NULL,SALVADOR
CAMPINAS,VITORIA,NULL,NULL,NULL,NULL,NULL,SALVADOR
CAMPINAS,ILHEUS,NULL,NULL,NULL,NULL,NULL,SALVADOR
CAMPINAS,ILHEUS,NULL,NULL,NULL,NULL,NULL,SALVADOR
CAMPINAS,RIO_DE_JANEIRO,BRASILIA,NULL,NULL,NULL,NULL,SALVADOR
CAMPINAS,CONFINS,ILHEUS,NULL,NULL,NULL,NULL,SALVADOR
CAMPINAS,NULL,NULL,NULL,NULL,NULL,NULL,ILHEUS
CAMPINAS,CONFINS,NULL,NULL,NULL,NULL,NULL,ILHEUS
CAMPINAS,BRASILIA,RIO_DE_JANEIRO,NULL,NULL,NULL,NULL,ILHEUS
CAMPINAS,CONFINS,NULL,NULL,NULL,NULL,NULL,PORTO_SEGURO
CAMPINAS,RIO_DE_JANEIRO,CONFINS,NULL,NULL,NULL,NULL,PORTO_SEGURO
CAMPINAS,NULL,NULL,NULL,NULL,NULL,NULL,VITORIA
CAMPINAS,RIO_DE_JANEIRO,NULL,NULL,NULL,NULL,NULL,VITORIA
CAMPINAS,CONFINS,NULL,NULL,NULL,NULL,NULL,VITORIA
CAMPINAS,CONFINS,RIO_DE_JANEIRO,NULL,NULL,NULL,NULL,VITORIA
CAMPINAS,BRASILIA,RIO_DE_JANEIRO,NULL,NULL,NULL,NULL,VITORIA
CAMPINAS,NULL,NULL,NULL,NULL,NULL,NULL,CONFINS
CAMPINAS,RIO_DE_JANEIRO,NULL,NULL,NULL,NULL,NULL,CONFINS
CAMPINAS,BRASILIA,RIO_DE_JANEIRO,NULL,NULL,NULL,NULL,CONFINS
CAMPINAS,NULL,NULL,NULL,NULL,NULL,NULL,VITORIA
CAMPINAS,RIO_DE_JANEIRO,NULL,NULL,NULL,NULL,NULL,VITORIA
CAMPINAS,CONFINS,NULL,NULL,NULL,NULL,NULL,VITORIA
CAMPINAS,CONFINS,RIO_DE_JANEIRO,NULL,NULL,NULL,NULL,VITORIA
CAMPINAS,BRASILIA,RIO_DE_JANEIRO,NULL,NULL,NULL,NULL,VITORIA
CAMPINAS,BRASILIA,NULL,NULL,NULL,NULL,NULL,SANTOS_DUMONT
CAMPINAS,BRASILIA,CONFINS,NULL,NULL,NULL,NULL,SANTOS_DUMONT
CAMPINAS,NULL,NULL,NULL,NULL,NULL,NULL,GALEAO
CAMPINAS,BRASILIA,NULL,NULL,NULL,NULL,NULL,GALEAO
CAMPINAS,BRASILIA,CONFINS,NULL,NULL,NULL,NULL,GALEAO
CAMPINAS,CONFINS,NULL,NULL,NULL,NULL,NULL,SAO_JOSE_DOS_CAMPOS
CAMPINAS,RIO_DE_JANEIRO,NULL,NULL,NULL,NULL,NULL,SAO_JOSE_DOS_CAMPOS
CAMPINAS,CONFINS,NULL,NULL,NULL,NULL,NULL,SAO_LUIS
CAMPINAS,BRASILIA,NULL,NULL,NULL,NULL,NULL,SAO_LUIS
CAMPINAS,BRASILIA,IMPERATRIZ,NULL,NULL,NULL,NULL,SAO_LUIS
CAMPINAS,NULL,NULL,NULL,NULL,NULL,NULL,BELEM
CAMPINAS,CONFINS,NULL,NULL,NULL,NULL,NULL,BELEM
CAMPINAS,BRASILIA,NULL,NULL,NULL,NULL,NULL,BELEM
CAMPINAS,BRASILIA,MARABA,NULL,NULL,NULL,NULL,BELEM
CAMPO_GRANDE,NULL,NULL,NULL,NULL,NULL,NULL,CUIABA
CAMPO_GRANDE,BRASILIA,NULL,NULL,NULL,NULL,NULL,CUIABA
CAMPO_GRANDE,CONGONHAS,CUIABA,SAO_JOSE_DO_RIO_PRETO,NULL,NULL,NULL,CUIABA
CAMPO_GRANDE,NULL,NULL,NULL,NULL,NULL,NULL,CAMPINAS
CAMPO_GRANDE,RIO_DE_JANEIRO,NULL,NULL,NULL,NULL,NULL,CAMPINAS
CAMPO_GRANDE,BRASILIA,NULL,NULL,NULL,NULL,NULL,CAMPINAS
CAMPO_GRANDE,BRASILIA,RIO_DE_JANEIRO,NULL,NULL,NULL,NULL,CAMPINAS
CAMPO_GRANDE,NULL,NULL,NULL,NULL,NULL,NULL,CURITIBA
CAMPO_GRANDE,GUARULHOS,NULL,NULL,NULL,NULL,NULL,CURITIBA
CAMPO_GRANDE,CONGONHAS,NULL,NULL,NULL,NULL,NULL,CURITIBA
CAMPO_GRANDE,CAMPINAS,NULL,NULL,NULL,NULL,NULL,FORTALEZA
CAMPO_GRANDE,BRASILIA,NULL,NULL,NULL,NULL,NULL,FORTALEZA
CAMPO_GRANDE,GUARULHOS,NULL,NULL,NULL,NULL,NULL,FORTALEZA
CAMPO_GRANDE,BRASILIA,FORTALEZA,NULL,NULL,NULL,NULL,FORTALEZA
CAMPO_GRANDE,RIO_DE_JANEIRO,NULL,NULL,NULL,NULL,NULL,RECIFE
CAMPO_GRANDE,BRASILIA,NULL,NULL,NULL,NULL,NULL,RECIFE
CAMPO_GRANDE,CAMPINAS,NULL,NULL,NULL,NULL,NULL,RECIFE
CAMPO_GRANDE,BRASILIA,SAO_LUIS,FORTALEZA,NULL,NULL,NULL,RECIFE
CAMPO_GRANDE,GUARULHOS,GOIANIA,BRASILIA,NULL,NULL,NULL,RECIFE
CAMPO_GRANDE,GUARULHOS,NULL,NULL,NULL,NULL,NULL,MACEIO
CAMPO_GRANDE,RIO_DE_JANEIRO,NULL,NULL,NULL,NULL,NULL,MACEIO
CAMPO_GRANDE,BRASILIA,NULL,NULL,NULL,NULL,NULL,MACEIO
CAMPO_GRANDE,CAMPINAS,NULL,NULL,NULL,NULL,NULL,MACEIO
CAMPO_GRANDE,GUARULHOS,BRASILIA,NULL,NULL,NULL,NULL,MACEIO
CAMPO_GRANDE,GUARULHOS,SALVADOR,NULL,NULL,NULL,NULL,MACEIO
CAMPO_GRANDE,CAMPINAS,ARACAJU,NULL,NULL,NULL,NULL,MACEIO
CAMPO_GRANDE,GUARULHOS,BRASILIA,GOIANIA,NULL,NULL,NULL,MACEIO
CAMPO_GRANDE,GUARULHOS,NULL,NULL,NULL,NULL,NULL,ARACAJU
CAMPO_GRANDE,BRASILIA,NULL,NULL,NULL,NULL,NULL,ARACAJU
CAMPO_GRANDE,CAMPINAS,NULL,NULL,NULL,NULL,NULL,ARACAJU
CAMPO_GRANDE,GUARULHOS,RIO_DE_JANEIRO,NULL,NULL,NULL,NULL,ARACAJU
CAMPO_GRANDE,CAMPINAS,MACEIO,NULL,NULL,NULL,NULL,ARACAJU
CAMPO_GRANDE,RIO_DE_JANEIRO,NULL,NULL,NULL,NULL,NULL,SALVADOR
CAMPO_GRANDE,GUARULHOS,NULL,NULL,NULL,NULL,NULL,SALVADOR
CAMPO_GRANDE,CAMPINAS,NULL,NULL,NULL,NULL,NULL,SALVADOR
CAMPO_GRANDE,BRASILIA,NULL,NULL,NULL,NULL,NULL,SALVADOR
CAMPO_GRANDE,CONGONHAS,CONFINS,NULL,NULL,NULL,NULL,SALVADOR
CAMPO_GRANDE,RIO_DE_JANEIRO,NULL,NULL,NULL,NULL,NULL,VITORIA
CAMPO_GRANDE,CONGONHAS,NULL,NULL,NULL,NULL,NULL,VITORIA
CAMPO_GRANDE,RIO_DE_JANEIRO,MACAE,NULL,NULL,NULL,NULL,VITORIA
CAMPO_GRANDE,CONGONHAS,CONFINS,NULL,NULL,NULL,NULL,VITORIA
CAMPO_GRANDE,GUARULHOS,RIO_DE_JANEIRO,NULL,NULL,NULL,NULL,VITORIA
CAMPO_GRANDE,NULL,NULL,NULL,NULL,NULL,NULL,SANTOS_DUMONT
CAMPO_GRANDE,CAMPINAS,NULL,NULL,NULL,NULL,NULL,SANTOS_DUMONT
CAMPO_GRANDE,BRASILIA,NULL,NULL,NULL,NULL,NULL,SANTOS_DUMONT
CAMPO_GRANDE,CONGONHAS,NULL,NULL,NULL,NULL,NULL,SANTOS_DUMONT
CAMPO_GRANDE,NULL,NULL,NULL,NULL,NULL,NULL,GALEAO
CAMPO_GRANDE,CAMPINAS,NULL,NULL,NULL,NULL,NULL,GALEAO
CAMPO_GRANDE,GUARULHOS,NULL,NULL,NULL,NULL,NULL,GALEAO
CAMPO_GRANDE,BRASILIA,CAMPINAS,NULL,NULL,NULL,NULL,GALEAO
CAMPO_GRANDE,CAMPINAS,NULL,NULL,NULL,NULL,NULL,CONFINS
CAMPO_GRANDE,RIO_DE_JANEIRO,NULL,NULL,NULL,NULL,NULL,CONFINS
CAMPO_GRANDE,CONGONHAS,NULL,NULL,NULL,NULL,NULL,CONFINS
CAMPO_GRANDE,NULL,NULL,NULL,NULL,NULL,NULL,BRASILIA
CAMPO_GRANDE,CONGONHAS,NULL,NULL,NULL,NULL,NULL,BRASILIA
CAMPO_GRANDE,CAMPINAS,NULL,NULL,NULL,NULL,NULL,BRASILIA
CAMPO_GRANDE,GUARULHOS,GOIANIA,NULL,NULL,NULL,NULL,BRASILIA
CAMPO_GRANDE,CAMPINAS,NULL,NULL,NULL,NULL,NULL,GOIANIA
CAMPO_GRANDE,GUARULHOS,NULL,NULL,NULL,NULL,NULL,GOIANIA
CAMPO_GRANDE,BRASILIA,NULL,NULL,NULL,NULL,NULL,GOIANIA
CAMPO_GRANDE,CUIABA,NULL,NULL,NULL,NULL,NULL,GOIANIA
CAMPO_GRANDE,CUIABA,BRASILIA,NULL,NULL,NULL,NULL,GOIANIA
CAMPO_GRANDE,GUARULHOS,BRASILIA,NULL,NULL,NULL,NULL,GOIANIA
CAMPO_GRANDE,CAMPINAS,NULL,NULL,NULL,NULL,NULL,UBERABA
CAMPO_GRANDE,CAMPINAS,NULL,NULL,NULL,NULL,NULL,RIBEIRAO_PRETO
CAMPO_GRANDE,CONGONHAS,NULL,NULL,NULL,NULL,NULL,RIBEIRAO_PRETO
CAMPO_GRANDE,BRASILIA,CONGONHAS,NULL,NULL,NULL,NULL,RIBEIRAO_PRETO
CAMPO_GRANDE,CAMPINAS,NULL,NULL,NULL,NULL,NULL,PRESIDENTE_PRUDENTE
CAMPO_GRANDE,BRASILIA,CONGONHAS,NULL,NULL,NULL,NULL,PRESIDENTE_PRUDENTE
CAMPO_GRANDE,CAMPINAS,NULL,NULL,NULL,NULL,NULL,FOZ_DO_IGUACU
CAMPO_GRANDE,RIO_DE_JANEIRO,NULL,NULL,NULL,NULL,NULL,FOZ_DO_IGUACU
CAMPO_GRANDE,GUARULHOS,NULL,NULL,NULL,NULL,NULL,FOZ_DO_IGUACU
CAMPO_GRANDE,GUARULHOS,CURITIBA,NULL,NULL,NULL,NULL,FOZ_DO_IGUACU
CAMPO_GRANDE,CONGONHAS,CURITIBA,NULL,NULL,NULL,NULL,FOZ_DO_IGUACU
CAMPO_GRANDE,CAMPINAS,NULL,NULL,NULL,NULL,NULL,JOINVILLE
CAMPO_GRANDE,CONGONHAS,NULL,NULL,NULL,NULL,NULL,JOINVILLE
CAMPO_GRANDE,RIO_DE_JANEIRO,CONGONHAS,NULL,NULL,NULL,NULL,JOINVILLE
CAMPO_GRANDE,BRASILIA,CONGONHAS,NULL,NULL,NULL,NULL,JOINVILLE
CAMPO_GRANDE,CAMPINAS,NULL,NULL,NULL,NULL,NULL,NAVEGANTES
CAMPO_GRANDE,GUARULHOS,NULL,NULL,NULL,NULL,NULL,NAVEGANTES
CAMPO_GRANDE,CONGONHAS,NULL,NULL,NULL,NULL,NULL,NAVEGANTES
CAMPO_GRANDE,RIO_DE_JANEIRO,CAMPINAS,NULL,NULL,NULL,NULL,NAVEGANTES
CAMPO_GRANDE,BRASILIA,CONGONHAS,NULL,NULL,NULL,NULL,NAVEGANTES
CAMPO_GRANDE,CAMPINAS,NULL,NULL,NULL,NULL,NULL,FLORIANOPOLIS
CAMPO_GRANDE,GUARULHOS,NULL,NULL,NULL,NULL,NULL,FLORIANOPOLIS
CAMPO_GRANDE,CONGONHAS,NULL,NULL,NULL,NULL,NULL,FLORIANOPOLIS
CAMPO_GRANDE,CUIABA,GUARULHOS,NULL,NULL,NULL,NULL,FLORIANOPOLIS
CAMPO_GRANDE,CAMPINAS,NULL,NULL,NULL,NULL,NULL,PORTO_ALEGRE
CAMPO_GRANDE,RIO_DE_JANEIRO,NULL,NULL,NULL,NULL,NULL,PORTO_ALEGRE
CAMPO_GRANDE,CONGONHAS,NULL,NULL,NULL,NULL,NULL,PORTO_ALEGRE
CAMPO_GRANDE,GUARULHOS,CURITIBA,NULL,NULL,NULL,NULL,PORTO_ALEGRE
CAMPO_GRANDE,CUIABA,GUARULHOS,NULL,NULL,NULL,NULL,PORTO_ALEGRE
CASCAVEL,NULL,NULL,NULL,NULL,NULL,NULL,CAMPINAS
CASCAVEL,CAMPINAS,NULL,NULL,NULL,NULL,NULL,CAMPINAS
CAXIAS_DO_SUL,NULL,NULL,NULL,NULL,NULL,NULL,CAMPINAS
CAXIAS_DO_SUL,NULL,NULL,NULL,NULL,NULL,NULL,CAMPINAS
CONFINS,NULL,NULL,NULL,NULL,NULL,NULL,BELEM
CONFINS,GUARULHOS,NULL,NULL,NULL,NULL,NULL,BELEM
CONFINS,BRASILIA,NULL,NULL,NULL,NULL,NULL,BELEM
CONFINS,BRASILIA,MARABA,NULL,NULL,NULL,NULL,BELEM
CONFINS,NULL,NULL,NULL,NULL,NULL,NULL,SAO_LUIS
CONFINS,GUARULHOS,NULL,NULL,NULL,NULL,NULL,SAO_LUIS
CONFINS,BRASILIA,NULL,NULL,NULL,NULL,NULL,SAO_LUIS
CONFINS,RECIFE,FORTALEZA,NULL,NULL,NULL,NULL,SAO_LUIS
CONFINS,BRASILIA,IMPERATRIZ,NULL,NULL,NULL,NULL,SAO_LUIS
CONFINS,GUARULHOS,NULL,NULL,NULL,NULL,NULL,NATAL
CONFINS,RECIFE,NULL,NULL,NULL,NULL,NULL,NATAL
CONFINS,BRASILIA,NULL,NULL,NULL,NULL,NULL,NATAL
CONFINS,BRASILIA,FORTALEZA,NULL,NULL,NULL,NULL,NATAL
CONFINS,NULL,NULL,NULL,NULL,NULL,NULL,RECIFE
CONFINS,BRASILIA,NULL,NULL,NULL,NULL,NULL,RECIFE
CONFINS,SALVADOR,NULL,NULL,NULL,NULL,NULL,RECIFE
CONFINS,NULL,NULL,NULL,NULL,NULL,NULL,SALVADOR
CONFINS,ILHEUS,NULL,NULL,NULL,NULL,NULL,SALVADOR
CONFINS,BRASILIA,NULL,NULL,NULL,NULL,NULL,SALVADOR
CONFINS,NULL,NULL,NULL,NULL,NULL,NULL,PORTO_SEGURO
CONFINS,GUARULHOS,NULL,NULL,NULL,NULL,NULL,PORTO_SEGURO
CONFINS,NULL,NULL,NULL,NULL,NULL,NULL,VITORIA
CONFINS,RIO_DE_JANEIRO,NULL,NULL,NULL,NULL,NULL,VITORIA
CONFINS,NULL,NULL,NULL,NULL,NULL,NULL,GALEAO
CONFINS,GUARULHOS,NULL,NULL,NULL,NULL,NULL,GALEAO
CONFINS,BRASILIA,NULL,NULL,NULL,NULL,NULL,GALEAO
CONFINS,NULL,NULL,NULL,NULL,NULL,NULL,SAO_JOSE_DOS_CAMPOS
CONFINS,RIO_DE_JANEIRO,NULL,NULL,NULL,NULL,NULL,SAO_JOSE_DOS_CAMPOS
CONFINS,NULL,NULL,NULL,NULL,NULL,NULL,CAMPINAS
CONFINS,RIO_DE_JANEIRO,NULL,NULL,NULL,NULL,NULL,CAMPINAS
CONFINS,BRASILIA,RIO_DE_JANEIRO,NULL,NULL,NULL,NULL,CAMPINAS
CONFINS,NULL,NULL,NULL,NULL,NULL,NULL,PORTO_ALEGRE
CONFINS,CONGONHAS,NULL,NULL,NULL,NULL,NULL,PORTO_ALEGRE
CONFINS,GUARULHOS,NULL,NULL,NULL,NULL,NULL,PORTO_ALEGRE
CONFINS,RIO_DE_JANEIRO,FLORIANOPOLIS,NULL,NULL,NULL,NULL,PORTO_ALEGRE
CONFINS,GUARULHOS,NULL,NULL,NULL,NULL,NULL,RIBEIRAO_PRETO
CONFINS,CAMPINAS,NULL,NULL,NULL,NULL,NULL,RIBEIRAO_PRETO
CONFINS,CAMPINAS,NULL,NULL,NULL,NULL,NULL,UBERABA
CONFINS,NULL,NULL,NULL,NULL,NULL,NULL,UBERLANDIA
CONFINS,CONGONHAS,NULL,NULL,NULL,NULL,NULL,UBERLANDIA
CONFINS,NULL,NULL,NULL,NULL,NULL,NULL,GOIANIA
CONFINS,CAMPINAS,NULL,NULL,NULL,NULL,NULL,GOIANIA
CONFINS,CONGONHAS,NULL,NULL,NULL,NULL,NULL,GOIANIA
CONFINS,GUARULHOS,BRASILIA,NULL,NULL,NULL,NULL,GOIANIA
CONFINS,NULL,NULL,NULL,NULL,NULL,NULL,BRASILIA
CONFINS,GUARULHOS,NULL,NULL,NULL,NULL,NULL,BRASILIA
CONFINS,RIO_DE_JANEIRO,NULL,NULL,NULL,NULL,NULL,BRASILIA
CONFINS,NULL,NULL,NULL,NULL,NULL,NULL,MONTES_CLAROS
CONFINS,NULL,NULL,NULL,NULL,NULL,NULL,IPATINGA
CONFINS,NULL,NULL,NULL,NULL,NULL,NULL,MANAUS
CONFINS,CAMPINAS,NULL,NULL,NULL,NULL,NULL,TERESINA
CONFINS,GUARULHOS,NULL,NULL,NULL,NULL,NULL,TERESINA
CONFINS,BRASILIA,NULL,NULL,NULL,NULL,NULL,TERESINA
CONFINS,CAMPINAS,NULL,NULL,NULL,NULL,NULL,JOAO_PESSOA
CONFINS,GUARULHOS,NULL,NULL,NULL,NULL,NULL,JOAO_PESSOA
CONFINS,BRASILIA,NULL,NULL,NULL,NULL,NULL,JOAO_PESSOA
CONFINS,NULL,NULL,NULL,NULL,NULL,NULL,ARACAJU
CONFINS,SALVADOR,NULL,NULL,NULL,NULL,NULL,ARACAJU
CONFINS,GUARULHOS,NULL,NULL,NULL,NULL,NULL,ARACAJU
CONFINS,BRASILIA,NULL,NULL,NULL,NULL,NULL,ARACAJU
CONFINS,BRASILIA,SALVADOR,NULL,NULL,NULL,NULL,ARACAJU
CONFINS,BRASILIA,MARABA,BELEM,SAO_LUIZ,FORTALEZA,RECIFE,ARACAJU
CONFINS,NULL,NULL,NULL,NULL,NULL,NULL,SANTOS_DUMONT
CONFINS,BRASILIA,NULL,NULL,NULL,NULL,NULL,SANTOS_DUMONT
CONFINS,CAMPINAS,NULL,NULL,NULL,NULL,NULL,SAO_JOSE_DO_RIO_PRETO
CONFINS,CONGONHAS,NULL,NULL,NULL,NULL,NULL,SAO_JOSE_DO_RIO_PRETO
CONFINS,CAMPINAS,NULL,NULL,NULL,NULL,NULL,CUIABA
CONFINS,BRASILIA,NULL,NULL,NULL,NULL,NULL,CUIABA
CONFINS,GUARULHOS,NULL,NULL,NULL,NULL,NULL,CUIABA
CONFINS,CAMPINAS,NULL,NULL,NULL,NULL,NULL,CAMPO_GRANDE
CONFINS,CONGONHAS,NULL,NULL,NULL,NULL,NULL,CAMPO_GRANDE
CONFINS,GUARULHOS,NULL,NULL,NULL,NULL,NULL,CAMPO_GRANDE
CONFINS,CAMPINAS,NULL,NULL,NULL,NULL,NULL,PRESIDENTE_PRUDENTE
CONFINS,CONGONHAS,NULL,NULL,NULL,NULL,NULL,PRESIDENTE_PRUDENTE
CONFINS,CAMPINAS,NULL,NULL,NULL,NULL,NULL,MARINGA
CONFINS,GUARULHOS,NULL,NULL,NULL,NULL,NULL,MARINGA
CONFINS,CAMPINAS,NULL,NULL,NULL,NULL,NULL,FOZ_DO_IGUACU
CONFINS,GUARULHOS,NULL,NULL,NULL,NULL,NULL,FOZ_DO_IGUACU
CONFINS,NULL,NULL,NULL,NULL,NULL,NULL,CURITIBA
CONFINS,CONGONHAS,NULL,NULL,NULL,NULL,NULL,CURITIBA
CONFINS,GUARULHOS,NULL,NULL,NULL,NULL,NULL,CURITIBA
CONFINS,CAMPINAS,NULL,NULL,NULL,NULL,NULL,JOINVILLE
CONFINS,CONGONHAS,NULL,NULL,NULL,NULL,NULL,JOINVILLE
CONFINS,CAMPINAS,NULL,NULL,NULL,NULL,NULL,NAVEGANTES
CONFINS,CONGONHAS,NULL,NULL,NULL,NULL,NULL,NAVEGANTES
CONFINS,CAMPINAS,NULL,NULL,NULL,NULL,NULL,FLORIANOPOLIS
CONFINS,CONGONHAS,NULL,NULL,NULL,NULL,NULL,FLORIANOPOLIS
CONFINS,PORTO_ALEGRE,NULL,NULL,NULL,NULL,NULL,CAXIAS_DO_SUL
CONFINS,CAMPINAS,NULL,NULL,NULL,NULL,NULL,CAXIAS_DO_SUL
CONFINS,CONGONHAS,NULL,NULL,NULL,NULL,NULL,CAXIAS_DO_SUL
CUIABA,NULL,NULL,NULL,NULL,NULL,NULL,CAMPINAS
CUIABA,NULL,NULL,NULL,NULL,NULL,NULL,CAMPO_GRANDE
CUIABA,NULL,NULL,NULL,NULL,NULL,NULL,PORTO_VELHO
CUIABA,NULL,NULL,NULL,NULL,NULL,NULL,SINOP
CUIABA,CAMPINAS,NULL,NULL,NULL,NULL,NULL,PORTO_ALEGRE
CUIABA,CAMPINAS,NULL,NULL,NULL,NULL,NULL,FLORIANOPOLIS
CUIABA,CAMPINAS,NULL,NULL,NULL,NULL,NULL,NAVEGANTES
CUIABA,CAMPINAS,NULL,NULL,NULL,NULL,NULL,CURITIBA
CUIABA,CAMPINAS,CURITIBA,NULL,NULL,NULL,NULL,MARINGA
CUIABA,CAMPINAS,NULL,NULL,NULL,NULL,NULL,SAO_JOSE_DO_RIO_PRETO
CUIABA,CAMPINAS,NULL,NULL,NULL,NULL,NULL,RIBEIRAO_PRETO
CUIABA,CAMPINAS,NULL,NULL,NULL,NULL,NULL,SANTOS_DUMONT
CUIABA,CAMPINAS,NULL,NULL,NULL,NULL,NULL,GALEAO
CUIABA,CAMPINAS,NULL,NULL,NULL,NULL,NULL,UBERABA
CUIABA,CAMPINAS,NULL,NULL,NULL,NULL,NULL,CONFINS
CUIABA,CAMPINAS,NULL,NULL,NULL,NULL,NULL,GOIANIA
CUIABA,CAMPINAS,NULL,NULL,NULL,NULL,NULL,BRASILIA
CUIABA,CAMPINAS,NULL,NULL,NULL,NULL,NULL,SALVADOR
CUIABA,CAMPINAS,NULL,NULL,NULL,NULL,NULL,MACEIO
CUIABA,CAMPINAS,MACEIO,NULL,NULL,NULL,NULL,ARACAJU
CUIABA,CAMPINAS,NULL,NULL,NULL,NULL,NULL,RECIFE
CUIABA,CAMPINAS,NULL,NULL,NULL,NULL,NULL,NATAL
CUIABA,CAMPINAS,NULL,NULL,NULL,NULL,NULL,FORTALEZA
CUIABA,CAMPINAS,NULL,NULL,NULL,NULL,NULL,TERESINA
CUIABA,NULL,NULL,NULL,NULL,NULL,NULL,PORTO_VELHO
CUIABA,NULL,NULL,NULL,NULL,NULL,NULL,SINOP
CUIABA,NULL,NULL,NULL,NULL,NULL,NULL,CAMPINAS
CUIABA,NULL,NULL,NULL,NULL,NULL,NULL,CAMPO_GRANDE
CUIABA,CAMPINAS,NULL,NULL,NULL,NULL,NULL,TERESINA
CUIABA,CAMPINAS,NULL,NULL,NULL,NULL,NULL,FORTALEZA
CUIABA,CAMPINAS,NULL,NULL,NULL,NULL,NULL,NATAL
CUIABA,CAMPINAS,NULL,NULL,NULL,NULL,NULL,RECIFE
CUIABA,CAMPINAS,NULL,NULL,NULL,NULL,NULL,MACEIO
CUIABA,CAMPINAS,MACEIO,NULL,NULL,NULL,NULL,ARACAJU
CUIABA,CAMPINAS,NULL,NULL,NULL,NULL,NULL,SALVADOR
CUIABA,CAMPINAS,NULL,NULL,NULL,NULL,NULL,CONFINS
CUIABA,CAMPINAS,NULL,NULL,NULL,NULL,NULL,SANTOS_DUMONT
CUIABA,CAMPINAS,NULL,NULL,NULL,NULL,NULL,GALEAO
CUIABA,CAMPINAS,NULL,NULL,NULL,NULL,NULL,BRASILIA
CUIABA,CAMPINAS,NULL,NULL,NULL,NULL,NULL,GOIANIA
CUIABA,CAMPINAS,NULL,NULL,NULL,NULL,NULL,UBERABA
CUIABA,CAMPINAS,NULL,NULL,NULL,NULL,NULL,RIBEIRAO_PRETO
CUIABA,CAMPINAS,NULL,NULL,NULL,NULL,NULL,SAO_JOSE_DO_RIO_PRETO
CUIABA,CAMPINAS,CURITIBA,NULL,NULL,NULL,NULL,MARINGA
CUIABA,CAMPINAS,NULL,NULL,NULL,NULL,NULL,NAVEGANTES
CUIABA,CAMPINAS,NULL,NULL,NULL,NULL,NULL,FLORIANOPOLIS
CUIABA,CAMPINAS,NULL,NULL,NULL,NULL,NULL,PORTO_ALEGRE
CUIABA,CAMPINAS,NULL,NULL,NULL,NULL,NULL,CURITIBA
CURITIBA,NULL,NULL,NULL,NULL,NULL,NULL,PORTO_ALEGRE
CURITIBA,NULL,NULL,NULL,NULL,NULL,NULL,FOZ_DO_IGUACU
CURITIBA,NULL,NULL,NULL,NULL,NULL,NULL,MARINGA
CURITIBA,NULL,NULL,NULL,NULL,NULL,NULL,CAMPO_GRANDE
CURITIBA,NULL,NULL,NULL,NULL,NULL,NULL,CAMPINAS
CURITIBA,NULL,NULL,NULL,NULL,NULL,NULL,SAO_JOSE_DOS_CAMPOS
CURITIBA,PORTO_ALEGRE,NULL,NULL,NULL,NULL,NULL,CAXIAS_DO_SUL
CURITIBA,CAMPINAS,NULL,NULL,NULL,NULL,NULL,NAVEGANTES
CURITIBA,CAMPINAS,NULL,NULL,NULL,NULL,NULL,SANTOS_DUMONT
CURITIBA,CAMPINAS,NULL,NULL,NULL,NULL,NULL,GALEAO
CURITIBA,CAMPINAS,NULL,NULL,NULL,NULL,NULL,PRESIDENTE_PRUDENTE
CURITIBA,CAMPINAS,NULL,NULL,NULL,NULL,NULL,SAO_JOSE_DO_RIO_PRETO
CURITIBA,CAMPINAS,NULL,NULL,NULL,NULL,NULL,RIBEIRAO_PRETO
CURITIBA,CAMPINAS,NULL,NULL,NULL,NULL,NULL,CONFINS
CURITIBA,CAMPINAS,NULL,NULL,NULL,NULL,NULL,VITORIA
CURITIBA,CAMPINAS,NULL,NULL,NULL,NULL,NULL,CUIABA
CURITIBA,CAMPINAS,NULL,NULL,NULL,NULL,NULL,UBERABA
CURITIBA,CAMPINAS,NULL,NULL,NULL,NULL,NULL,GOIANIA
CURITIBA,CAMPINAS,NULL,NULL,NULL,NULL,NULL,BRASILIA
CURITIBA,CAMPINAS,NULL,NULL,NULL,NULL,NULL,PORTO_SEGURO
CURITIBA,SAO_JOSE_DOS_CAMPOS,NULL,NULL,NULL,NULL,NULL,ILHEUS
CURITIBA,CAMPINAS,NULL,NULL,NULL,NULL,NULL,SALVADOR
CURITIBA,CAMPINAS,NULL,NULL,NULL,NULL,NULL,ARACAJU
CURITIBA,CAMPINAS,NULL,NULL,NULL,NULL,NULL,MACEIO
CURITIBA,CAMPINAS,NULL,NULL,NULL,NULL,NULL,RECIFE
CURITIBA,CAMPINAS,NULL,NULL,NULL,NULL,NULL,JOAO_PESSOA
CURITIBA,CAMPINAS,NULL,NULL,NULL,NULL,NULL,NATAL
CURITIBA,CAMPINAS,NULL,NULL,NULL,NULL,NULL,FORTALEZA
CURITIBA,CAMPINAS,NULL,NULL,NULL,NULL,NULL,TERESINA
CURITIBA,CAMPINAS,NULL,NULL,NULL,NULL,NULL,SAO_LUIS
CURITIBA,SAO_JOSE_DOS_CAMPOS,CONFINS,NULL,NULL,NULL,NULL,BELEM
CURITIBA,CAMPINAS,NULL,NULL,NULL,NULL,NULL,MANAUS
CURITIBA,NULL,NULL,NULL,NULL,NULL,NULL,CAMPO_GRANDE
CURITIBA,NULL,NULL,NULL,NULL,NULL,NULL,CAMPINAS
CURITIBA,NULL,NULL,NULL,NULL,NULL,NULL,SAO_JOSE_DOS_CAMPOS
CURITIBA,NULL,NULL,NULL,NULL,NULL,NULL,FOZ_DO_IGUACU
CURITIBA,NULL,NULL,NULL,NULL,NULL,NULL,MARINGA
CURITIBA,NULL,NULL,NULL,NULL,NULL,NULL,PORTO_ALEGRE
CURITIBA,CAMPINAS,NULL,NULL,NULL,NULL,NULL,MANAUS
CURITIBA,SAO_JOSE_DOS_CAMPOS,CONFINS,NULL,NULL,NULL,NULL,BELEM
CURITIBA,CAMPINAS,CONFINS,NULL,NULL,NULL,NULL,SAO_LUIS
CURITIBA,CAMPINAS,NULL,NULL,NULL,NULL,NULL,TERESINA
CURITIBA,CAMPINAS,NULL,NULL,NULL,NULL,NULL,FORTALEZA
CURITIBA,CAMPINAS,NULL,NULL,NULL,NULL,NULL,NATAL
CURITIBA,CAMPINAS,NULL,NULL,NULL,NULL,NULL,JOAO_PESSOA
CURITIBA,CAMPINAS,NULL,NULL,NULL,NULL,NULL,RECIFE
CURITIBA,CAMPINAS,NULL,NULL,NULL,NULL,NULL,MACEIO
CURITIBA,CAMPINAS,NULL,NULL,NULL,NULL,NULL,ARACAJU
CURITIBA,CAMPINAS,NULL,NULL,NULL,NULL,NULL,SALVADOR
CURITIBA,CAMPINAS,CONFINS,NULL,NULL,NULL,NULL,ILHEUS
CURITIBA,CAMPINAS,NULL,NULL,NULL,NULL,NULL,PORTO_SEGURO
CURITIBA,CAMPINAS,NULL,NULL,NULL,NULL,NULL,VITORIA
CURITIBA,CAMPINAS,NULL,NULL,NULL,NULL,NULL,SANTOS_DUMONT
CURITIBA,CAMPINAS,NULL,NULL,NULL,NULL,NULL,GALEAO
CURITIBA,CAMPINAS,NULL,NULL,NULL,NULL,NULL,CONFINS
CURITIBA,CAMPINAS,NULL,NULL,NULL,NULL,NULL,BRASILIA
CURITIBA,CAMPINAS,NULL,NULL,NULL,NULL,NULL,GOIANIA
CURITIBA,CAMPINAS,NULL,NULL,NULL,NULL,NULL,CUIABA
CURITIBA,CAMPINAS,NULL,NULL,NULL,NULL,NULL,UBERABA
CURITIBA,CAMPINAS,NULL,NULL,NULL,NULL,NULL,RIBEIRAO_PRETO
CURITIBA,CAMPINAS,NULL,NULL,NULL,NULL,NULL,SAO_JOSE_DO_RIO_PRETO
CURITIBA,CAMPINAS,NULL,NULL,NULL,NULL,NULL,PRESIDENTE_PRUDENTE
CURITIBA,CAMPINAS,NULL,NULL,NULL,NULL,NULL,NAVEGANTES
CURITIBA,PORTO_ALEGRE,NULL,NULL,NULL,NULL,NULL,CAXIAS_DO_SUL
FLORIANOPOLIS,NULL,NULL,NULL,NULL,NULL,NULL,CAMPINAS
FLORIANOPOLIS,CAMPINAS,NULL,NULL,NULL,NULL,NULL,PORTO_ALEGRE
FLORIANOPOLIS,CAMPINAS,NULL,NULL,NULL,NULL,NULL,NAVEGANTES
FLORIANOPOLIS,CAMPINAS,NULL,NULL,NULL,NULL,NULL,CURITIBA
FLORIANOPOLIS,CAMPINAS,NULL,NULL,NULL,NULL,NULL,FOZ_DO_IGUACU
FLORIANOPOLIS,CAMPINAS,NULL,NULL,NULL,NULL,NULL,MARINGA
FLORIANOPOLIS,CAMPINAS,NULL,NULL,NULL,NULL,NULL,PRESIDENTE_PRUDENTE
FLORIANOPOLIS,CAMPINAS,NULL,NULL,NULL,NULL,NULL,CAMPO_GRANDE
FLORIANOPOLIS,CAMPINAS,NULL,NULL,NULL,NULL,NULL,RIBEIRAO_PRETO
FLORIANOPOLIS,CAMPINAS,NULL,NULL,NULL,NULL,NULL,UBERABA
FLORIANOPOLIS,CAMPINAS,NULL,NULL,NULL,NULL,NULL,CONFINS
FLORIANOPOLIS,CAMPINAS,NULL,NULL,NULL,NULL,NULL,SANTOS_DUMONT
FLORIANOPOLIS,CAMPINAS,NULL,NULL,NULL,NULL,NULL,GALEAO
FLORIANOPOLIS,CAMPINAS,NULL,NULL,NULL,NULL,NULL,VITORIA
FLORIANOPOLIS,CAMPINAS,NULL,NULL,NULL,NULL,NULL,PORTO_SEGURO
FLORIANOPOLIS,CAMPINAS,NULL,NULL,NULL,NULL,NULL,BRASILIA
FLORIANOPOLIS,CAMPINAS,NULL,NULL,NULL,NULL,NULL,GOIANIA
FLORIANOPOLIS,CAMPINAS,NULL,NULL,NULL,NULL,NULL,CUIABA
FLORIANOPOLIS,CAMPINAS,NULL,NULL,NULL,NULL,NULL,SALVADOR
FLORIANOPOLIS,CAMPINAS,NULL,NULL,NULL,NULL,NULL,ARACAJU
FLORIANOPOLIS,CAMPINAS,NULL,NULL,NULL,NULL,NULL,MACEIO
FLORIANOPOLIS,CAMPINAS,NULL,NULL,NULL,NULL,NULL,RECIFE
FLORIANOPOLIS,CAMPINAS,NULL,NULL,NULL,NULL,NULL,NATAL
FLORIANOPOLIS,CAMPINAS,NULL,NULL,NULL,NULL,NULL,FORTALEZA
FLORIANOPOLIS,CAMPINAS,NULL,NULL,NULL,NULL,NULL,TERESINA
FLORIANOPOLIS,CAMPINAS,CONFINS,NULL,NULL,NULL,NULL,SAO_LUIS
FLORIANOPOLIS,CAMPINAS,NULL,NULL,NULL,NULL,NULL,MANAUS
FLORIANOPOLIS,NULL,NULL,NULL,NULL,NULL,NULL,CAMPINAS
FLORIANOPOLIS,CAMPINAS,NULL,NULL,NULL,NULL,NULL,MANAUS
FLORIANOPOLIS,CAMPINAS,CONFINS,NULL,NULL,NULL,NULL,SAO_LUIS
FLORIANOPOLIS,CAMPINAS,NULL,NULL,NULL,NULL,NULL,TERESINA
FLORIANOPOLIS,CAMPINAS,NULL,NULL,NULL,NULL,NULL,FORTALEZA
FLORIANOPOLIS,CAMPINAS,NULL,NULL,NULL,NULL,NULL,NATAL
FLORIANOPOLIS,CAMPINAS,NULL,NULL,NULL,NULL,NULL,RECIFE
FLORIANOPOLIS,CAMPINAS,NULL,NULL,NULL,NULL,NULL,MACEIO
FLORIANOPOLIS,CAMPINAS,NULL,NULL,NULL,NULL,NULL,ARACAJU
FLORIANOPOLIS,CAMPINAS,NULL,NULL,NULL,NULL,NULL,SALVADOR
FLORIANOPOLIS,CAMPINAS,NULL,NULL,NULL,NULL,NULL,PORTO_SEGURO
FLORIANOPOLIS,CAMPINAS,NULL,NULL,NULL,NULL,NULL,CUIABA
FLORIANOPOLIS,CAMPINAS,NULL,NULL,NULL,NULL,NULL,GOIANIA
FLORIANOPOLIS,CAMPINAS,NULL,NULL,NULL,NULL,NULL,BRASILIA
FLORIANOPOLIS,CAMPINAS,NULL,NULL,NULL,NULL,NULL,CAMPO_GRANDE
FLORIANOPOLIS,CAMPINAS,NULL,NULL,NULL,NULL,NULL,UBERABA
FLORIANOPOLIS,CAMPINAS,NULL,NULL,NULL,NULL,NULL,CONFINS
FLORIANOPOLIS,CAMPINAS,NULL,NULL,NULL,NULL,NULL,VITORIA
FLORIANOPOLIS,CAMPINAS,NULL,NULL,NULL,NULL,NULL,SANTOS_DUMONT
FLORIANOPOLIS,CAMPINAS,NULL,NULL,NULL,NULL,NULL,GALEAO
FLORIANOPOLIS,CAMPINAS,NULL,NULL,NULL,NULL,NULL,RIBEIRAO_PRETO
FLORIANOPOLIS,CAMPINAS,NULL,NULL,NULL,NULL,NULL,SAO_JOSE_DO_RIO_PRETO
FLORIANOPOLIS,CAMPINAS,NULL,NULL,NULL,NULL,NULL,PRESIDENTE_PRUDENTE
FLORIANOPOLIS,CAMPINAS,NULL,NULL,NULL,NULL,NULL,MARINGA
FLORIANOPOLIS,CAMPINAS,NULL,NULL,NULL,NULL,NULL,FOZ_DO_IGUACU
FLORIANOPOLIS,CAMPINAS,NULL,NULL,NULL,NULL,NULL,CURITIBA
FLORIANOPOLIS,CAMPINAS,NULL,NULL,NULL,NULL,NULL,NAVEGANTES
FLORIANOPOLIS,CAMPINAS,NULL,NULL,NULL,NULL,NULL,PORTO_ALEGRE
FORTALEZA,NULL,NULL,NULL,NULL,NULL,NULL,BELEM
FORTALEZA,NULL,NULL,NULL,NULL,NULL,NULL,TERESINA
FORTALEZA,NULL,NULL,NULL,NULL,NULL,NULL,CAMPINAS
FORTALEZA,NULL,NULL,NULL,NULL,NULL,NULL,RECIFE
FORTALEZA,NULL,NULL,NULL,NULL,NULL,NULL,NATAL
FORTALEZA,CONFINS,NULL,NULL,NULL,NULL,NULL,PORTO_ALEGRE
FORTALEZA,CAMPINAS,NULL,NULL,NULL,NULL,NULL,FLORIANOPOLIS
FORTALEZA,CAMPINAS,NULL,NULL,NULL,NULL,NULL,NAVEGANTES
FORTALEZA,CAMPINAS,NULL,NULL,NULL,NULL,NULL,JOINVILLE
FORTALEZA,CAMPINAS,NULL,NULL,NULL,NULL,NULL,CURITIBA
FORTALEZA,CAMPINAS,NULL,NULL,NULL,NULL,NULL,PRESIDENTE_PRUDENTE
FORTALEZA,CONFINS,NULL,NULL,NULL,NULL,NULL,SAO_JOSE_DOS_CAMPOS
FORTALEZA,CAMPINAS,NULL,NULL,NULL,NULL,NULL,SANTOS_DUMONT
FORTALEZA,CAMPINAS,NULL,NULL,NULL,NULL,NULL,GALEAO
FORTALEZA,CAMPINAS,NULL,NULL,NULL,NULL,NULL,SAO_JOSE_DO_RIO_PRETO
FORTALEZA,CAMPINAS,NULL,NULL,NULL,NULL,NULL,RIBEIRAO_PRETO
FORTALEZA,CAMPINAS,NULL,NULL,NULL,NULL,NULL,UBERABA
FORTALEZA,CAMPINAS,NULL,NULL,NULL,NULL,NULL,CAMPO_GRANDE
FORTALEZA,CAMPINAS,NULL,NULL,NULL,NULL,NULL,CUIABA
FORTALEZA,CAMPINAS,NULL,NULL,NULL,NULL,NULL,GOIANIA
FORTALEZA,CAMPINAS,NULL,NULL,NULL,NULL,NULL,BRASILIA
FORTALEZA,CONFINS,NULL,NULL,NULL,NULL,NULL,VITORIA
FORTALEZA,RECIFE,SALVADOR,CONFINS,NULL,NULL,NULL,PORTO_SEGURO
FORTALEZA,CONFINS,NULL,NULL,NULL,NULL,NULL,ILHEUS
FORTALEZA,CONFINS,NULL,NULL,NULL,NULL,NULL,SALVADOR
FORTALEZA,CAMPINAS,NULL,NULL,NULL,NULL,NULL,MACEIO
FORTALEZA,NULL,NULL,NULL,NULL,NULL,NULL,BELEM
FORTALEZA,NULL,NULL,NULL,NULL,NULL,NULL,TERESINA
FORTALEZA,NULL,NULL,NULL,NULL,NULL,NULL,CAMPINAS
FORTALEZA,NULL,NULL,NULL,NULL,NULL,NULL,FORTALEZA
FORTALEZA,NULL,NULL,NULL,NULL,NULL,NULL,RECIFE
FORTALEZA,CAMPINAS,NULL,NULL,NULL,NULL,NULL,CUIABA
FORTALEZA,CAMPINAS,NULL,NULL,NULL,NULL,NULL,GOIANIA
FORTALEZA,CAMPINAS,NULL,NULL,NULL,NULL,NULL,BRASILIA
FORTALEZA,CAMPINAS,NULL,NULL,NULL,NULL,NULL,MACEIO
FORTALEZA,CONFINS,NULL,NULL,NULL,NULL,NULL,SALVADOR
FORTALEZA,CONFINS,NULL,NULL,NULL,NULL,NULL,ILHEUS
FORTALEZA,RECIFE,SALVADOR,CONFINS,NULL,NULL,NULL,PORTO_SEGURO
FORTALEZA,CONFINS,NULL,NULL,NULL,NULL,NULL,VITORIA
FORTALEZA,CAMPINAS,NULL,NULL,NULL,NULL,NULL,UBERABA
FORTALEZA,CAMPINAS,NULL,NULL,NULL,NULL,NULL,RIBEIRAO_PRETO
FORTALEZA,CAMPINAS,NULL,NULL,NULL,NULL,NULL,SAO_JOSE_DO_RIO_PRETO
FORTALEZA,CAMPINAS,NULL,NULL,NULL,NULL,NULL,CAMPO_GRANDE
FORTALEZA,CAMPINAS,NULL,NULL,NULL,NULL,NULL,PRESIDENTE_PRUDENTE
FORTALEZA,CONFINS,NULL,NULL,NULL,NULL,NULL,SAO_JOSE_DOS_CAMPOS
FORTALEZA,CAMPINAS,NULL,NULL,NULL,NULL,NULL,GALEAO
FORTALEZA,CAMPINAS,NULL,NULL,NULL,NULL,NULL,SANTOS_DUMONT
FORTALEZA,CAMPINAS,NULL,NULL,NULL,NULL,NULL,CURITIBA
FORTALEZA,CAMPINAS,NULL,NULL,NULL,NULL,NULL,JOINVILLE
FORTALEZA,CAMPINAS,NULL,NULL,NULL,NULL,NULL,NAVEGANTES
FORTALEZA,CAMPINAS,NULL,NULL,NULL,NULL,NULL,FLORIANOPOLIS
FORTALEZA,CAMPINAS,NULL,NULL,NULL,NULL,NULL,PORTO_ALEGRE
FOZ_DO_IGUACU,NULL,NULL,NULL,NULL,NULL,NULL,CURITIBA
FOZ_DO_IGUACU,NULL,NULL,NULL,NULL,NULL,NULL,CAMPINAS
FOZ_DO_IGUACU,CAMPINAS,NAVEGANTES,NULL,NULL,NULL,NULL,PORTO_ALEGRE
FOZ_DO_IGUACU,CAMPINAS,NULL,NULL,NULL,NULL,NULL,FLORIANOPOLIS
FOZ_DO_IGUACU,CAMPINAS,NULL,NULL,NULL,NULL,NULL,GALEAO
FOZ_DO_IGUACU,CAMPINAS,NULL,NULL,NULL,NULL,NULL,SANTOS_DUMONT
FOZ_DO_IGUACU,CAMPINAS,NULL,NULL,NULL,NULL,NULL,CAMPO_GRANDE
FOZ_DO_IGUACU,CAMPINAS,NULL,NULL,NULL,NULL,NULL,SAO_JOSE_DO_RIO_PRETO
FOZ_DO_IGUACU,CAMPINAS,NULL,NULL,NULL,NULL,NULL,RIBEIRAO_PRETO
FOZ_DO_IGUACU,CAMPINAS,NULL,NULL,NULL,NULL,NULL,CONFINS
FOZ_DO_IGUACU,CAMPINAS,NULL,NULL,NULL,NULL,NULL,GOIANIA
FOZ_DO_IGUACU,CAMPINAS,NULL,NULL,NULL,NULL,NULL,BRASILIA
FOZ_DO_IGUACU,CAMPINAS,CONFINS,NULL,NULL,NULL,NULL,NULL
FOZ_DO_IGUACU,NULL,NULL,NULL,NULL,NULL,NULL,CURITIBA
FOZ_DO_IGUACU,NULL,NULL,NULL,NULL,NULL,NULL,CAMPINAS
FOZ_DO_IGUACU,CAMPINAS,CONFINS,NULL,NULL,NULL,NULL,MACEIO
FOZ_DO_IGUACU,CAMPINAS,NULL,NULL,NULL,NULL,NULL,SANTOS_DUMONT
FOZ_DO_IGUACU,CAMPINAS,NULL,NULL,NULL,NULL,NULL,GALEAO
FOZ_DO_IGUACU,CAMPINAS,NULL,NULL,NULL,NULL,NULL,CONFINS
FOZ_DO_IGUACU,CAMPINAS,NULL,NULL,NULL,NULL,NULL,BRASILIA
FOZ_DO_IGUACU,CAMPINAS,NULL,NULL,NULL,NULL,NULL,GOIANIA
FOZ_DO_IGUACU,CAMPINAS,NULL,NULL,NULL,NULL,NULL,CAMPO_GRANDE
FOZ_DO_IGUACU,CAMPINAS,NULL,NULL,NULL,NULL,NULL,RIBEIRAO_PRETO
FOZ_DO_IGUACU,CAMPINAS,NULL,NULL,NULL,NULL,NULL,SAO_JOSE_DO_RIO_PRETO
FOZ_DO_IGUACU,CAMPINAS,NULL,NULL,NULL,NULL,NULL,JOINVILLE
FOZ_DO_IGUACU,CAMPINAS,NULL,NULL,NULL,NULL,NULL,NAVEGANTES
FOZ_DO_IGUACU,CAMPINAS,NULL,NULL,NULL,NULL,NULL,FLORIANOPOLIS
FOZ_DO_IGUACU,CAMPINAS,NAVEGANTES,NULL,NULL,NULL,NULL,PORTO_ALEGRE
GALEAO,NULL,NULL,NULL,NULL,NULL,NULL,PORTO_ALEGRE
GALEAO,NULL,NULL,NULL,NULL,NULL,NULL,CAMPINAS
GALEAO,NULL,NULL,NULL,NULL,NULL,NULL,CONFINS
GALEAO,NULL,NULL,NULL,NULL,NULL,NULL,VITORIA
GALEAO,NULL,NULL,NULL,NULL,NULL,NULL,JOAO_PESSOA
GALEAO,CAMPINAS,NULL,NULL,NULL,NULL,NULL,MANAUS
GALEAO,CAMPINAS,NULL,NULL,NULL,NULL,NULL,TERESINA
GALEAO,CAMPINAS,NULL,NULL,NULL,NULL,NULL,FORTALEZA
GALEAO,CAMPINAS,NULL,NULL,NULL,NULL,NULL,NATAL
GALEAO,CAMPINAS,NULL,NULL,NULL,NULL,NULL,RECIFE
GALEAO,CAMPINAS,NULL,NULL,NULL,NULL,NULL,MACEIO
GALEAO,CAMPINAS,NULL,NULL,NULL,NULL,NULL,ARACAJU
GALEAO,CAMPINAS,NULL,NULL,NULL,NULL,NULL,SALVADOR
GALEAO,CAMPINAS,NULL,NULL,NULL,NULL,NULL,CURITIBA
GALEAO,CAMPINAS,NULL,NULL,NULL,NULL,NULL,FOZ_DO_IGUACU
GALEAO,CAMPINAS,NULL,NULL,NULL,NULL,NULL,JOINVILLE
GALEAO,CAMPINAS,NULL,NULL,NULL,NULL,NULL,NAVEGANTES
GALEAO,CAMPINAS,NULL,NULL,NULL,NULL,NULL,FLORIANOPOLIS
GALEAO,CAMPINAS,NULL,NULL,NULL,NULL,NULL,MARINGA
GALEAO,CAMPINAS,NULL,NULL,NULL,NULL,NULL,PRESIDENTE_PRUDENTE
GALEAO,CAMPINAS,NULL,NULL,NULL,NULL,NULL,SAO_JOSE_DO_RIO_PRETO
GALEAO,CAMPINAS,NULL,NULL,NULL,NULL,NULL,RIBEIRAO_PRETO
GALEAO,CAMPINAS,NULL,NULL,NULL,NULL,NULL,UBERABA
GALEAO,CAMPINAS,NULL,NULL,NULL,NULL,NULL,CAMPO_GRANDE
GALEAO,CAMPINAS,NULL,NULL,NULL,NULL,NULL,GOIANIA
GALEAO,CAMPINAS,NULL,NULL,NULL,NULL,NULL,BRASILIA
GALEAO,CAMPINAS,NULL,NULL,NULL,NULL,NULL,CUIABA
GALEAO,NULL,NULL,NULL,NULL,NULL,NULL,SANTAREM
GALEAO,BELEM,NULL,NULL,NULL,NULL,NULL,SANTAREM
GALEAO,RECIFE,NULL,NULL,NULL,NULL,NULL,SANTAREM
GALEAO,MANAUS,NULL,NULL,NULL,NULL,NULL,MANAUS
GALEAO,GUARULHOS,MANAUS,NULL,NULL,NULL,NULL,SANTAREM
GOIANIA,NULL,NULL,NULL,NULL,NULL,NULL,CAMPINAS
GOIANIA,NULL,NULL,NULL,NULL,NULL,NULL,CONFINS
GOIANIA,NULL,NULL,NULL,NULL,NULL,NULL,CALDAS_NOVAS
GOIANIA,NULL,NULL,NULL,NULL,NULL,NULL,PALMAS
GOIANIA,CAMPINAS,NULL,NULL,NULL,NULL,NULL,PORTO_ALEGRE
GOIANIA,CAMPINAS,NULL,NULL,NULL,NULL,NULL,FLORIANOPOLIS
GOIANIA,CAMPINAS,NULL,NULL,NULL,NULL,NULL,NAVEGANTES
GOIANIA,CAMPINAS,NULL,NULL,NULL,NULL,NULL,JOINVILLE
GOIANIA,CAMPINAS,NULL,NULL,NULL,NULL,NULL,CURITIBA
GOIANIA,CAMPINAS,NULL,NULL,NULL,NULL,NULL,MARINGA
GOIANIA,CAMPINAS,NULL,NULL,NULL,NULL,NULL,PRESIDENTE_PRUDENTE
GOIANIA,CAMPINAS,NULL,NULL,NULL,NULL,NULL,SANTOS_DUMONT
GOIANIA,CAMPINAS,NULL,NULL,NULL,NULL,NULL,GALEAO
GOIANIA,CAMPINAS,NULL,NULL,NULL,NULL,NULL,SAO_JOSE_DO_RIO_PRETO
GOIANIA,CAMPINAS,NULL,NULL,NULL,NULL,NULL,RIBEIRAO_PRETO
GOIANIA,CAMPINAS,NULL,NULL,NULL,NULL,NULL,UBERABA
GOIANIA,CAMPINAS,NULL,NULL,NULL,NULL,NULL,CAMPO_GRANDE
GOIANIA,CAMPINAS,NULL,NULL,NULL,NULL,NULL,CUIABA
GOIANIA,CAMPINAS,NULL,NULL,NULL,NULL,NULL,VITORIA
GOIANIA,CAMPINAS,NULL,NULL,NULL,NULL,NULL,PORTO_SEGURO
GOIANIA,CAMPINAS,NULL,NULL,NULL,NULL,NULL,SALVADOR
GOIANIA,CAMPINAS,NULL,NULL,NULL,NULL,NULL,ARACAJU
GOIANIA,CAMPINAS,NULL,NULL,NULL,NULL,NULL,MACEIO
GOIANIA,CAMPINAS,NULL,NULL,NULL,NULL,NULL,RECIFE
GOIANIA,CAMPINAS,NULL,NULL,NULL,NULL,NULL,NATAL
GOIANIA,CAMPINAS,NULL,NULL,NULL,NULL,NULL,FORTALEZA
GOIANIA,CAMPINAS,NULL,NULL,NULL,NULL,NULL,TERESINA
GOIANIA,CAMPINAS,CONFINS,NULL,NULL,NULL,NULL,SAO_LUIS
GOIANIA,CAMPINAS,NULL,NULL,NULL,NULL,NULL,MANAUS
GOIANIA,NULL,NULL,NULL,NULL,NULL,NULL,CALDAS_NOVAS
GOIANIA,NULL,NULL,NULL,NULL,NULL,NULL,CAMPINAS
GOIANIA,NULL,NULL,NULL,NULL,NULL,NULL,CONFINS
GOIANIA,NULL,NULL,NULL,NULL,NULL,NULL,PALMAS
GOIANIA,CAMPINAS,NULL,NULL,NULL,NULL,NULL,MANAUS
GOIANIA,CAMPINAS,NULL,NULL,NULL,NULL,NULL,SAO_LUIS
GOIANIA,CAMPINAS,NULL,NULL,NULL,NULL,NULL,TERESINA
GOIANIA,CAMPINAS,NULL,NULL,NULL,NULL,NULL,FORTALEZA
GOIANIA,CAMPINAS,NULL,NULL,NULL,NULL,NULL,NATAL
GOIANIA,CAMPINAS,NULL,NULL,NULL,NULL,NULL,RECIFE
GOIANIA,CAMPINAS,NULL,NULL,NULL,NULL,NULL,MACEIO
GOIANIA,CAMPINAS,NULL,NULL,NULL,NULL,NULL,ARACAJU
GOIANIA,CAMPINAS,NULL,NULL,NULL,NULL,NULL,SALVADOR
GOIANIA,CAMPINAS,NULL,NULL,NULL,NULL,NULL,PORTO_SEGURO
GOIANIA,CAMPINAS,NULL,NULL,NULL,NULL,NULL,VITORIA
GOIANIA,CAMPINAS,NULL,NULL,NULL,NULL,NULL,SANTOS_DUMONT
GOIANIA,CAMPINAS,NULL,NULL,NULL,NULL,NULL,GALEAO
GOIANIA,CAMPINAS,NULL,NULL,NULL,NULL,NULL,UBERABA
GOIANIA,CAMPINAS,NULL,NULL,NULL,NULL,NULL,RIBEIRAO_PRETO
GOIANIA,CAMPINAS,NULL,NULL,NULL,NULL,NULL,SAO_JOSE_DO_RIO_PRETO
GOIANIA,CAMPINAS,NULL,NULL,NULL,NULL,NULL,PRESIDENTE_PRUDENTE
GOIANIA,CAMPINAS,NULL,NULL,NULL,NULL,NULL,CAMPO_GRANDE
GOIANIA,CAMPINAS,NULL,NULL,NULL,NULL,NULL,CUIABA
GOIANIA,CAMPINAS,NULL,NULL,NULL,NULL,NULL,MARINGA
GOIANIA,CAMPINAS,NULL,NULL,NULL,NULL,NULL,CURITIBA
GOIANIA,CAMPINAS,NULL,NULL,NULL,NULL,NULL,JOINVILLE
GOIANIA,CAMPINAS,NULL,NULL,NULL,NULL,NULL,NAVEGANTES
GOIANIA,CAMPINAS,NULL,NULL,NULL,NULL,NULL,FLORIANOPOLIS
GOIANIA,CAMPINAS,NULL,NULL,NULL,NULL,NULL,PORTO_ALEGRE
ILHEUS,NULL,NULL,NULL,NULL,NULL,NULL,SALVADOR
ILHEUS,NULL,NULL,NULL,NULL,NULL,NULL,CONFINS
ILHEUS,NULL,NULL,NULL,NULL,NULL,NULL,CAMPINAS
ILHEUS,CONFINS,NULL,NULL,NULL,NULL,NULL,SAO_LUIS
ILHEUS,CONFINS,CAMPINAS,NULL,NULL,NULL,NULL,FORTALEZA
ILHEUS,CONFINS,NULL,NULL,NULL,NULL,NULL,NATAL
ILHEUS,CONFINS,NULL,NULL,NULL,NULL,NULL,RECIFE
ILHEUS,CAMPINAS,NULL,NULL,NULL,NULL,NULL,VITORIA
ILHEUS,CONFINS,CAMPINAS,NULL,NULL,NULL,NULL,SANTOS_DUMONT
ILHEUS,CONFINS,NULL,NULL,NULL,NULL,NULL,SAO_JOSE_DOS_CAMPOS
ILHEUS,CONFINS,SAO_JOSE_DOS_CAMPOS,NULL,NULL,NULL,NULL,CURITIBA
ILHEUS,CONFINS,NULL,NULL,NULL,NULL,NULL,NAVEGANTES
ILHEUS,CONFINS,NULL,NULL,NULL,NULL,NULL,PORTO_ALEGRE
ILHEUS,NULL,NULL,NULL,NULL,NULL,NULL,SALVADOR
ILHEUS,NULL,NULL,NULL,NULL,NULL,NULL,CONFINS
ILHEUS,NULL,NULL,NULL,NULL,NULL,NULL,CAMPINAS
ILHEUS,CONFINS,NULL,NULL,NULL,NULL,NULL,PORTO_ALEGRE
ILHEUS,CONFINS,NULL,NULL,NULL,NULL,NULL,NAVEGANTES
ILHEUS,CONFINS,SAO_JOSE_DOS_CAMPOS,NULL,NULL,NULL,NULL,CURITIBA
ILHEUS,CONFINS,NULL,NULL,NULL,NULL,NULL,SAO_JOSE_DOS_CAMPOS
ILHEUS,CONFINS,CAMPINAS,NULL,NULL,NULL,NULL,SANTOS_DUMONT
ILHEUS,CONFINS,CAMPINAS,NULL,NULL,NULL,NULL,VITORIA
ILHEUS,CONFINS,NULL,NULL,NULL,NULL,NULL,RECIFE
ILHEUS,CONFINS,NULL,NULL,NULL,NULL,NULL,NATAL
ILHEUS,CONFINS,CAMPINAS,NULL,NULL,NULL,NULL,FORTALEZA
ILHEUS,CONFINS,NULL,NULL,NULL,NULL,NULL,SAO_LUIS
IPATINGA,NULL,NULL,NULL,NULL,NULL,NULL,CONFINS
IPATINGA,CONFINS,NULL,NULL,NULL,NULL,NULL,SAO_LUIS
IPATINGA,CONFINS,NULL,NULL,NULL,NULL,NULL,FORTALEZA
IPATINGA,CONFINS,NULL,NULL,NULL,NULL,NULL,NATAL
IPATINGA,CONFINS,NULL,NULL,NULL,NULL,NULL,RECIFE
IPATINGA,CONFINS,NULL,NULL,NULL,NULL,NULL,MACEIO
IPATINGA,CONFINS,NULL,NULL,NULL,NULL,NULL,ARACAJU
IPATINGA,CONFINS,NULL,NULL,NULL,NULL,NULL,SALVADOR
IPATINGA,CONFINS,NULL,NULL,NULL,NULL,NULL,PORTO_SEGURO
IPATINGA,CONFINS,NULL,NULL,NULL,NULL,NULL,VITORIA
IPATINGA,CONFINS,NULL,NULL,NULL,NULL,NULL,SANTOS_DUMONT
IPATINGA,CONFINS,NULL,NULL,NULL,NULL,NULL,GALEAO
IPATINGA,CONFINS,NULL,NULL,NULL,NULL,NULL,UBERABA
IPATINGA,CONFINS,NULL,NULL,NULL,NULL,NULL,RIBEIRAO_PRETO
IPATINGA,CONFINS,NULL,NULL,NULL,NULL,NULL,SAO_JOSE_DO_RIO_PRETO
IPATINGA,CONFINS,NULL,NULL,NULL,NULL,NULL,PRESIDENTE_PRUDENTE
IPATINGA,CONFINS,NULL,NULL,NULL,NULL,NULL,CUIABA
IPATINGA,CONFINS,NULL,NULL,NULL,NULL,NULL,CAMPO_GRANDE
IPATINGA,CONFINS,NULL,NULL,NULL,NULL,NULL,FOZ_DO_IGUACU
IPATINGA,CONFINS,NULL,NULL,NULL,NULL,NULL,CURITIBA
IPATINGA,CONFINS,NULL,NULL,NULL,NULL,NULL,JOINVILLE
IPATINGA,CONFINS,NULL,NULL,NULL,NULL,NULL,NAVEGANTES
IPATINGA,CONFINS,NULL,NULL,NULL,NULL,NULL,FLORIANOPOLIS
IPATINGA,CONFINS,NULL,NULL,NULL,NULL,NULL,PORTO_ALEGRE
IPATINGA,NULL,NULL,NULL,NULL,NULL,NULL,CONFINS
IPATINGA,CONFINS,NULL,NULL,NULL,NULL,NULL,PORTO_ALEGRE
IPATINGA,CONFINS,NULL,NULL,NULL,NULL,NULL,FLORIANOPOLIS
IPATINGA,CONFINS,NULL,NULL,NULL,NULL,NULL,NAVEGANTES
IPATINGA,CONFINS,NULL,NULL,NULL,NULL,NULL,JOINVILLE
IPATINGA,CONFINS,NULL,NULL,NULL,NULL,NULL,CURITIBA
IPATINGA,CONFINS,NULL,NULL,NULL,NULL,NULL,FOZ_DO_IGUACU
IPATINGA,CONFINS,NULL,NULL,NULL,NULL,NULL,SANTOS_DUMONT
IPATINGA,CONFINS,NULL,NULL,NULL,NULL,NULL,GALEAO
IPATINGA,CONFINS,NULL,NULL,NULL,NULL,NULL,PRESIDENTE_PRUDENTE
IPATINGA,CONFINS,NULL,NULL,NULL,NULL,NULL,RIBEIRAO_PRETO
IPATINGA,CONFINS,NULL,NULL,NULL,NULL,NULL,SAO_JOSE_DO_RIO_PRETO
IPATINGA,CONFINS,NULL,NULL,NULL,NULL,NULL,UBERABA
IPATINGA,CONFINS,NULL,NULL,NULL,NULL,NULL,CAMPO_GRANDE
IPATINGA,CONFINS,NULL,NULL,NULL,NULL,NULL,PORTO_SEGURO
IPATINGA,CONFINS,NULL,NULL,NULL,NULL,NULL,CUIABA
IPATINGA,CONFINS,NULL,NULL,NULL,NULL,NULL,SALVADOR
IPATINGA,CONFINS,NULL,NULL,NULL,NULL,NULL,ARACAJU
IPATINGA,CONFINS,NULL,NULL,NULL,NULL,NULL,MACEIO
IPATINGA,CONFINS,NULL,NULL,NULL,NULL,NULL,RECIFE
IPATINGA,CONFINS,NULL,NULL,NULL,NULL,NULL,NATAL
IPATINGA,CONFINS,NULL,NULL,NULL,NULL,NULL,FORTALEZA
IPATINGA,CONFINS,NULL,NULL,NULL,NULL,NULL,TERESINA
IPATINGA,CONFINS,NULL,NULL,NULL,NULL,NULL,SAO_LUIS
JOAO_PESSOA,NULL,NULL,NULL,NULL,NULL,NULL,CAMPINAS
JOAO_PESSOA,NULL,NULL,NULL,NULL,NULL,NULL,GALEAO
JOAO_PESSOA,CAMPINAS,NULL,NULL,NULL,NULL,NULL,PORTO_ALEGRE
JOAO_PESSOA,CAMPINAS,NULL,NULL,NULL,NULL,NULL,FLORIANOPOLIS
JOAO_PESSOA,CAMPINAS,NULL,NULL,NULL,NULL,NULL,NAVEGANTES
JOAO_PESSOA,CAMPINAS,NULL,NULL,NULL,NULL,NULL,JOINVILLE
JOAO_PESSOA,CAMPINAS,NULL,NULL,NULL,NULL,NULL,CURITIBA
JOAO_PESSOA,CAMPINAS,NULL,NULL,NULL,NULL,NULL,PRESIDENTE_PRUDENTE
JOAO_PESSOA,CAMPINAS,NULL,NULL,NULL,NULL,NULL,CAMPO_GRANDE
JOAO_PESSOA,CAMPINAS,NULL,NULL,NULL,NULL,NULL,SAO_JOSE_DO_RIO_PRETO
JOAO_PESSOA,CAMPINAS,NULL,NULL,NULL,NULL,NULL,RIBEIRAO_PRETO
JOAO_PESSOA,CAMPINAS,NULL,NULL,NULL,NULL,NULL,UBERABA
JOAO_PESSOA,CAMPINAS,NULL,NULL,NULL,NULL,NULL,CONFINS
JOAO_PESSOA,CAMPINAS,NULL,NULL,NULL,NULL,NULL,BRASILIA
JOAO_PESSOA,CAMPINAS,NULL,NULL,NULL,NULL,NULL,SANTOS_DUMONT
JOAO_PESSOA,CAMPINAS,NULL,NULL,NULL,NULL,NULL,VITORIA
JOAO_PESSOA,CAMPINAS,NULL,NULL,NULL,NULL,NULL,SALVADOR
JOAO_PESSOA,NULL,NULL,NULL,NULL,NULL,NULL,CAMPINAS
JOAO_PESSOA,NULL,NULL,NULL,NULL,NULL,NULL,GALEAO
JOAO_PESSOA,CAMPINAS,NULL,NULL,NULL,NULL,NULL,SALVADOR
JOAO_PESSOA,CAMPINAS,NULL,NULL,NULL,NULL,NULL,VITORIA
JOAO_PESSOA,CAMPINAS,NULL,NULL,NULL,NULL,NULL,SANTOS_DUMONT
JOAO_PESSOA,CAMPINAS,NULL,NULL,NULL,NULL,NULL,CONFINS
JOAO_PESSOA,CAMPINAS,NULL,NULL,NULL,NULL,NULL,RIBEIRAO_PRETO
JOAO_PESSOA,CAMPINAS,NULL,NULL,NULL,NULL,NULL,UBERABA
JOAO_PESSOA,CAMPINAS,NULL,NULL,NULL,NULL,NULL,BRASILIA
JOAO_PESSOA,CAMPINAS,NULL,NULL,NULL,NULL,NULL,SAO_JOSE_DO_RIO_PRETO
JOAO_PESSOA,CAMPINAS,NULL,NULL,NULL,NULL,NULL,PRESIDENTE_PRUDENTE
JOAO_PESSOA,CAMPINAS,NULL,NULL,NULL,NULL,NULL,CAMPO_GRANDE
JOAO_PESSOA,CAMPINAS,NULL,NULL,NULL,NULL,NULL,CURITIBA
JOAO_PESSOA,CAMPINAS,NULL,NULL,NULL,NULL,NULL,JOINVILLE
JOAO_PESSOA,CAMPINAS,NULL,NULL,NULL,NULL,NULL,NAVEGANTES
JOAO_PESSOA,CAMPINAS,NULL,NULL,NULL,NULL,NULL,FLORIANOPOLIS
JOAO_PESSOA,CAMPINAS,NULL,NULL,NULL,NULL,NULL,PORTO_ALEGRE
JOINVILLE,NULL,NULL,NULL,NULL,NULL,NULL,CAMPINAS
JOINVILLE,CAMPINAS,NULL,NULL,NULL,NULL,NULL,MANAUS
JOINVILLE,CAMPINAS,CONFINS,NULL,NULL,NULL,NULL,BELEM
JOINVILLE,CAMPINAS,NULL,NULL,NULL,NULL,NULL,TERESINA
JOINVILLE,CAMPINAS,NULL,NULL,NULL,NULL,NULL,FORTALEZA
JOINVILLE,CAMPINAS,NULL,NULL,NULL,NULL,NULL,NATAL
JOINVILLE,CAMPINAS,NULL,NULL,NULL,NULL,NULL,JOAO_PESSOA
JOINVILLE,CAMPINAS,NULL,NULL,NULL,NULL,NULL,RECIFE
JOINVILLE,CAMPINAS,NULL,NULL,NULL,NULL,NULL,MACEIO
JOINVILLE,CAMPINAS,NULL,NULL,NULL,NULL,NULL,ARACAJU
JOINVILLE,CAMPINAS,NULL,NULL,NULL,NULL,NULL,SALVADOR
JOINVILLE,CAMPINAS,NULL,NULL,NULL,NULL,NULL,PORTO_SEGURO
JOINVILLE,CAMPINAS,NULL,NULL,NULL,NULL,NULL,VITORIA
JOINVILLE,CAMPINAS,NULL,NULL,NULL,NULL,NULL,SANTOS_DUMONT
JOINVILLE,CAMPINAS,NULL,NULL,NULL,NULL,NULL,GALEAO
JOINVILLE,CAMPINAS,NULL,NULL,NULL,NULL,NULL,NAVEGANTES
JOINVILLE,CAMPINAS,NULL,NULL,NULL,NULL,NULL,PORTO_ALEGRE
JOINVILLE,CAMPINAS,NULL,NULL,NULL,NULL,NULL,FOZ_DO_IGUACU
JOINVILLE,CAMPINAS,NULL,NULL,NULL,NULL,NULL,PRESIDENTE_PRUDENTE
JOINVILLE,CAMPINAS,NULL,NULL,NULL,NULL,NULL,CAMPO_GRANDE
JOINVILLE,CAMPINAS,NULL,NULL,NULL,NULL,NULL,CUIABA
JOINVILLE,CAMPINAS,NULL,NULL,NULL,NULL,NULL,SAO_JOSE_DO_RIO_PRETO
JOINVILLE,CAMPINAS,NULL,NULL,NULL,NULL,NULL,GOIANIA
JOINVILLE,CAMPINAS,NULL,NULL,NULL,NULL,NULL,BRASILIA
JOINVILLE,CAMPINAS,NULL,NULL,NULL,NULL,NULL,UBERABA
JOINVILLE,CAMPINAS,NULL,NULL,NULL,NULL,NULL,RIBEIRAO_PRETO
JOINVILLE,CAMPINAS,NULL,NULL,NULL,NULL,NULL,CONFINS
JOINVILLE,NULL,NULL,NULL,NULL,NULL,NULL,CAMPINAS
JOINVILLE,CAMPINAS,NULL,NULL,NULL,NULL,NULL,NAVEGANTES
JOINVILLE,CAMPINAS,NULL,NULL,NULL,NULL,NULL,PORTO_ALEGRE
JOINVILLE,CAMPINAS,NULL,NULL,NULL,NULL,NULL,FOZ_DO_IGUACU
JOINVILLE,CAMPINAS,NULL,NULL,NULL,NULL,NULL,GALEAO
JOINVILLE,CAMPINAS,NULL,NULL,NULL,NULL,NULL,SANTOS_DUMONT
JOINVILLE,CAMPINAS,NULL,NULL,NULL,NULL,NULL,PRESIDENTE_PRUDENTE
JOINVILLE,CAMPINAS,NULL,NULL,NULL,NULL,NULL,RIBEIRAO_PRETO
JOINVILLE,CAMPINAS,NULL,NULL,NULL,NULL,NULL,SAO_JOSE_DO_RIO_PRETO
JOINVILLE,CAMPINAS,NULL,NULL,NULL,NULL,NULL,CAMPO_GRANDE
JOINVILLE,CAMPINAS,NULL,NULL,NULL,NULL,NULL,UBERABA
JOINVILLE,CAMPINAS,NULL,NULL,NULL,NULL,NULL,CONFINS
JOINVILLE,CAMPINAS,NULL,NULL,NULL,NULL,NULL,VITORIA
JOINVILLE,CAMPINAS,NULL,NULL,NULL,NULL,NULL,GOIANIA
JOINVILLE,CAMPINAS,NULL,NULL,NULL,NULL,NULL,BRASILIA
JOINVILLE,CAMPINAS,NULL,NULL,NULL,NULL,NULL,PORTO_SEGURO
JOINVILLE,CAMPINAS,NULL,NULL,NULL,NULL,NULL,CUIABA
JOINVILLE,CAMPINAS,NULL,NULL,NULL,NULL,NULL,SALVADOR
JOINVILLE,CAMPINAS,NULL,NULL,NULL,NULL,NULL,ARACAJU
JOINVILLE,CAMPINAS,NULL,NULL,NULL,NULL,NULL,MACEIO
JOINVILLE,CAMPINAS,NULL,NULL,NULL,NULL,NULL,RECIFE
JOINVILLE,CAMPINAS,NULL,NULL,NULL,NULL,NULL,JOAO_PESSOA
JOINVILLE,CAMPINAS,NULL,NULL,NULL,NULL,NULL,NATAL
JOINVILLE,CAMPINAS,NULL,NULL,NULL,NULL,NULL,FORTALEZA
JOINVILLE,CAMPINAS,NULL,NULL,NULL,NULL,NULL,TERESINA
JOINVILLE,CAMPINAS,NULL,NULL,NULL,NULL,NULL,BELEM
JOINVILLE,CAMPINAS,NULL,NULL,NULL,NULL,NULL,MANAUS
JUAZEIRO_DO_NORTE,NULL,NULL,NULL,NULL,NULL,NULL,CAMPINAS
JUAZEIRO_DO_NORTE,NULL,NULL,NULL,NULL,NULL,NULL,CAMPINAS
JUIZ_DE_FORA,NULL,NULL,NULL,NULL,NULL,NULL,CAMPINAS
JUIZ_DE_FORA,NULL,NULL,NULL,NULL,NULL,NULL,CAMPINAS
LONDRINA,NULL,NULL,NULL,NULL,NULL,NULL,CUIABA
LONDRINA,NULL,NULL,NULL,NULL,NULL,NULL,FOZ_DO_IGUACU
LONDRINA,NULL,NULL,NULL,NULL,NULL,NULL,PORTO_ALEGRE
LONDRINA,NULL,NULL,NULL,NULL,NULL,NULL,CURITIBA
LONDRINA,NULL,NULL,NULL,NULL,NULL,NULL,CONGONHAS
LONDRINA,CURITIBA,NULL,NULL,NULL,NULL,NULL,MANAUS
LONDRINA,CURITIBA,NULL,NULL,NULL,NULL,NULL,BOA_VISTA
LONDRINA,CURITIBA,NULL,NULL,NULL,NULL,NULL,NAVEGANTES
LONDRINA,CURITIBA,NULL,NULL,NULL,NULL,NULL,JOINVILLE
LONDRINA,CURITIBA,NULL,NULL,NULL,NULL,NULL,TERESINA
LONDRINA,CURITIBA,NULL,NULL,NULL,NULL,NULL,FORTALEZA
LONDRINA,CURITIBA,NULL,NULL,NULL,NULL,NULL,BELEM
LONDRINA,CURITIBA,NULL,NULL,NULL,NULL,NULL,SAO_LUIZ
LONDRINA,CONGONHAS,NULL,NULL,NULL,NULL,NULL,SANTOS_DUMONT
LONDRINA,CONGONHAS,NULL,NULL,NULL,NULL,NULL,VITORIA
LONDRINA,CONGONHAS,NULL,NULL,NULL,NULL,NULL,COMANDATUBA
LONDRINA,CONGONHAS,NULL,NULL,NULL,NULL,NULL,PORTO_SEGURO
LONDRINA,CONGONHAS,NULL,NULL,NULL,NULL,NULL,ILHEUS
LONDRINA,CONGONHAS,NULL,NULL,NULL,NULL,NULL,SALVADOR
LONDRINA,NULL,NULL,NULL,NULL,NULL,NULL,CUIABA
LONDRINA,NULL,NULL,NULL,NULL,NULL,NULL,CUIABA
LONDRINA,NULL,NULL,NULL,NULL,NULL,NULL,CAMPINAS
MACEIO,NULL,NULL,NULL,NULL,NULL,NULL,NATAL
MACEIO,NULL,NULL,NULL,NULL,NULL,NULL,JOAO_PESSOA
MACEIO,NULL,NULL,NULL,NULL,NULL,NULL,GUARULHOS
MACEIO,NULL,NULL,NULL,NULL,NULL,NULL,BRASILIA
MACEIO,NULL,NULL,NULL,NULL,NULL,NULL,GALEAO
MACEIO,BRASILIA,NULL,NULL,NULL,NULL,NULL,PORTO_VELHO
MACEIO,BRASILIA,NULL,NULL,NULL,NULL,NULL,RIO_BRANCO
MACEIO,BRASILIA,NULL,NULL,NULL,NULL,NULL,MARABA
MACEIO,BRASILIA,NULL,NULL,NULL,NULL,NULL,PALMAS
MACEIO,BRASILIA,NULL,NULL,NULL,NULL,NULL,TERESINA
MACEIO,GUARULHOS,NULL,NULL,NULL,NULL,NULL,CURITIBA
MACEIO,GUARULHOS,NULL,NULL,NULL,NULL,NULL,FLORIANOPOLIS
MACEIO,GUARULHOS,NULL,NULL,NULL,NULL,NULL,PORTO_ALEGRE
MACEIO,GUARULHOS,NULL,NULL,NULL,NULL,NULL,FOZ_DO_IGUACU
MACEIO,GUARULHOS,NULL,NULL,NULL,NULL,NULL,CUIABA
MACEIO,GUARULHOS,NULL,NULL,NULL,NULL,NULL,MANAUS
MACEIO,GUARULHOS,NULL,NULL,NULL,NULL,NULL,GOIANIA
MACEIO,GUARULHOS,NULL,NULL,NULL,NULL,NULL,MACAPA
MACEIO,GUARULHOS,NULL,NULL,NULL,NULL,NULL,ILHEUS
MACEIO,GUARULHOS,NULL,NULL,NULL,NULL,NULL,PORTO_SEGURO
MACEIO,GUARULHOS,NULL,NULL,NULL,NULL,NULL,VITORIA
MACEIO,ARACAJU,NULL,NULL,NULL,NULL,NULL,BOA_VISTA
MACEIO,NULL,NULL,NULL,NULL,NULL,NULL,ARACAJU
MACEIO,NULL,NULL,NULL,NULL,NULL,NULL,CONFINS
MACEIO,NULL,NULL,NULL,NULL,NULL,NULL,CAMPINAS
MACEIO,ARACAJU,CAMPINAS,NULL,NULL,NULL,NULL,FORTALEZA
MACEIO,ARACAJU,CAMPINAS,NULL,NULL,NULL,NULL,RECIFE
MACEIO,CAMPINAS,NULL,NULL,NULL,NULL,NULL,SALVADOR
MACEIO,ARACAJU,CAMPINAS,NULL,NULL,NULL,NULL,PORTO_ALEGRE
MACEIO,CONFINS,NULL,NULL,NULL,NULL,NULL,VITORIA
MACEIO,CAMPINAS,NULL,NULL,NULL,NULL,NULL,SANTOS_DUMONT
MACEIO,CAMPINAS,NULL,NULL,NULL,NULL,NULL,GALEAO
MACEIO,CAMPINAS,NULL,NULL,NULL,NULL,NULL,BRASILIA
MACEIO,CAMPINAS,NULL,NULL,NULL,NULL,NULL,GOIANIA
MACEIO,CAMPINAS,NULL,NULL,NULL,NULL,NULL,UBERABA
MACEIO,CAMPINAS,NULL,NULL,NULL,NULL,NULL,RIBEIRAO_PRETO
MACEIO,CAMPINAS,NULL,NULL,NULL,NULL,NULL,SAO_JOSE_DO_RIO_PRETO
MACEIO,CAMPINAS,NULL,NULL,NULL,NULL,NULL,PRESIDENTE_PRUDENTE
MACEIO,ARACAJU,CAMPINAS,NULL,NULL,NULL,NULL,CUIABA
MACEIO,ARACAJU,CAMPINAS,NULL,NULL,NULL,NULL,CAMPO_GRANDE
MACEIO,CAMPINAS,NULL,NULL,NULL,NULL,NULL,CURITIBA
MACEIO,CAMPINAS,NULL,NULL,NULL,NULL,NULL,JOINVILLE
MACEIO,CAMPINAS,NULL,NULL,NULL,NULL,NULL,NAVEGANTES
MACEIO,CAMPINAS,NULL,NULL,NULL,NULL,NULL,FLORIANOPOLIS
MACEIO,CAMPINAS,NULL,NULL,NULL,NULL,NULL,PORTO_ALEGRE
MANAUS,NULL,NULL,NULL,NULL,NULL,NULL,BOA_VISTA
MANAUS,NULL,NULL,NULL,NULL,NULL,NULL,CUIABA
MANAUS,NULL,NULL,NULL,NULL,NULL,NULL,PORTO_VELHO
MANAUS,NULL,NULL,NULL,NULL,NULL,NULL,SANTAREM
MANAUS,NULL,NULL,NULL,NULL,NULL,NULL,ALTAMIRA
MANAUS,NULL,NULL,NULL,NULL,NULL,NULL,MACAPA
MANAUS,BRASILIA,NULL,NULL,NULL,NULL,NULL,PALMAS
MANAUS,BRASILIA,NULL,NULL,NULL,NULL,NULL,IMPERATRIZ
MANAUS,BRASILIA,NULL,NULL,NULL,NULL,NULL,PORTO_SEGURO
MANAUS,BRASILIA,NULL,NULL,NULL,NULL,NULL,FLORIANOPOLIS
MANAUS,BRASILIA,NULL,NULL,NULL,NULL,NULL,PORTO_ALEGRE
MANAUS,BRASILIA,NULL,NULL,NULL,NULL,NULL,CONFINS
MANAUS,BRASILIA,NULL,NULL,NULL,NULL,NULL,GALEAO
MANAUS,BRASILIA,NULL,NULL,NULL,NULL,NULL,SANTOS_DUMONT
MANAUS,GUARULHOS,NULL,NULL,NULL,NULL,NULL,CAMPO_GRANDE
MANAUS,GUARULHOS,NULL,NULL,NULL,NULL,NULL,JOAO_PESSOA
MANAUS,NULL,NULL,NULL,NULL,NULL,NULL,FORTALEZA
MANAUS,FORTALEZA,NULL,NULL,NULL,NULL,NULL,NATAL
MANAUS,FORTALEZA,NULL,NULL,NULL,NULL,NULL,RECIFE
MANAUS,FORTALEZA,NULL,NULL,NULL,NULL,NULL,ARACAJU
MANAUS,FORTALEZA,NULL,NULL,NULL,NULL,NULL,TERESINA
MANAUS,FORTALEZA,NULL,NULL,NULL,NULL,NULL,SALVADOR
MANAUS,NULL,NULL,NULL,NULL,NULL,NULL,PORTO_VELHO
MANAUS,NULL,NULL,NULL,NULL,NULL,NULL,BELEM
MANAUS,NULL,NULL,NULL,NULL,NULL,NULL,CONGONHAS
MANAUS,CAMPINAS,NULL,NULL,NULL,NULL,NULL,FORTALEZA
MANAUS,CAMPINAS,ARACAJU,NULL,NULL,NULL,NULL,MACEIO
MANAUS,CAMPINAS,NULL,NULL,NULL,NULL,NULL,ARACAJU
MANAUS,CAMPINAS,NULL,NULL,NULL,NULL,NULL,CUIABA
MANAUS,CAMPINAS,NULL,NULL,NULL,NULL,NULL,GOIANIA
MANAUS,CAMPINAS,NULL,NULL,NULL,NULL,NULL,BRASILIA
MANAUS,CAMPINAS,NULL,NULL,NULL,NULL,NULL,CONFINS
MANAUS,CAMPINAS,NULL,NULL,NULL,NULL,NULL,VITORIA
MANAUS,CAMPINAS,NULL,NULL,NULL,NULL,NULL,CAMPO_GRANDE
MANAUS,CAMPINAS,NULL,NULL,NULL,NULL,NULL,UBERABA
MANAUS,CAMPINAS,NULL,NULL,NULL,NULL,NULL,RIBEIRAO_PRETO
MANAUS,CAMPINAS,NULL,NULL,NULL,NULL,NULL,SAO_JOSE_DO_RIO_PRETO
MANAUS,CAMPINAS,NULL,NULL,NULL,NULL,NULL,PRESIDENTE_PRUDENTE
MANAUS,CAMPINAS,NULL,NULL,NULL,NULL,NULL,SANTOS_DUMONT
MANAUS,CAMPINAS,NULL,NULL,NULL,NULL,NULL,CURITIBA
MANAUS,CAMPINAS,NULL,NULL,NULL,NULL,NULL,JOINVILLE
MANAUS,CAMPINAS,NULL,NULL,NULL,NULL,NULL,NAVEGANTES
MANAUS,CAMPINAS,NULL,NULL,NULL,NULL,NULL,FLORIANOPOLIS
MANAUS,CAMPINAS,NULL,NULL,NULL,NULL,NULL,PORTO_ALEGRE
MARILIA,CAMPINAS,NULL,NULL,NULL,NULL,NULL,PORTO_ALEGRE
MARILIA,CAMPINAS,NULL,NULL,NULL,NULL,NULL,CURITIBA
MARILIA,CAMPINAS,NULL,NULL,NULL,NULL,NULL,BELEM
MARILIA,CAMPINAS,NULL,NULL,NULL,NULL,NULL,PETROLINA
MARILIA,CAMPINAS,NULL,NULL,NULL,NULL,NULL,SALVADOR
MARILIA,CAMPINAS,NULL,NULL,NULL,NULL,NULL,PALMAS
MARILIA,CAMPINAS,NULL,NULL,NULL,NULL,NULL,MANAUS
MARILIA,CAMPINAS,PAMPULHA,NULL,NULL,NULL,NULL,GOVERNADOR_VALADARES
MARILIA,NULL,NULL,NULL,NULL,NULL,NULL,CAMPINAS
MARILIA,CAMPINAS,CONFINS,NULL,NULL,NULL,NULL,SAO_LUIS
MARILIA,NULL,NULL,NULL,NULL,NULL,NULL,BAURU
MARILIA,NULL,NULL,NULL,NULL,NULL,NULL,CAMPINAS
MARINGA,NULL,NULL,NULL,NULL,NULL,NULL,CURITIBA
MARINGA,CURITIBA,NULL,NULL,NULL,NULL,NULL,CONFINS
MARINGA,NULL,NULL,NULL,NULL,NULL,NULL,SANTOS_DUMONT
MARINGA,CAMPINAS,CONFINS,NULL,NULL,NULL,NULL,SAO_LUIS
MARINGA,CAMPINAS,MANAUS,NULL,NULL,NULL,NULL,BOA_VISTA
MARINGA,CAMPINAS,CONFINS,NULL,NULL,NULL,NULL,IPATINGA
MARINGA,CAMPINAS,NULL,NULL,NULL,NULL,NULL,NATAL
MARINGA,CAMPINAS,NULL,NULL,NULL,NULL,NULL,BRASILIA
MARINGA,CAMPINAS,NULL,NULL,NULL,NULL,NULL,FORTALEZA
MARINGA,NULL,NULL,NULL,NULL,NULL,NULL,PORTO_ALEGRE
MARINGA,NULL,NULL,NULL,NULL,NULL,NULL,CURITIBA
MARINGA,NULL,NULL,NULL,NULL,NULL,NULL,CAMPINAS
MARINGA,CAMPINAS,NULL,NULL,NULL,NULL,NULL,MANAUS
MARINGA,CAMPINAS,NULL,NULL,NULL,NULL,NULL,SAO_LUIS
MARINGA,CURITIBA,CAMPINAS,NULL,NULL,NULL,NULL,TERESINA
MARINGA,CAMPINAS,NULL,NULL,NULL,NULL,NULL,FORTALEZA
MARINGA,CURITIBA,CAMPINAS,NULL,NULL,NULL,NULL,NATAL
MARINGA,CURITIBA,CAMPINAS,NULL,NULL,NULL,NULL,JOAO_PESSOA
MARINGA,CAMPINAS,NULL,NULL,NULL,NULL,NULL,RECIFE
MARINGA,CAMPINAS,ARACAJU,NULL,NULL,NULL,NULL,MACEIO
MARINGA,CAMPINAS,NULL,NULL,NULL,NULL,NULL,ARACAJU
MARINGA,CAMPINAS,NULL,NULL,NULL,NULL,NULL,SALVADOR
MARINGA,CAMPINAS,NULL,NULL,NULL,NULL,NULL,VITORIA
MARINGA,CAMPINAS,NULL,NULL,NULL,NULL,NULL,CONFINS
MARINGA,CAMPINAS,NULL,NULL,NULL,NULL,NULL,SANTOS_DUMONT
MARINGA,CAMPINAS,NULL,NULL,NULL,NULL,NULL,GALEAO
MARINGA,CAMPINAS,NULL,NULL,NULL,NULL,NULL,BRASILIA
MARINGA,CAMPINAS,NULL,NULL,NULL,NULL,NULL,GOIANIA
MARINGA,CAMPINAS,NULL,NULL,NULL,NULL,NULL,CUIABA
MARINGA,CURITIBA,CAMPINAS,NULL,NULL,NULL,NULL,UBERABA
MARINGA,CAMPINAS,NULL,NULL,NULL,NULL,NULL,RIBEIRAO_PRETO
MARINGA,CAMPINAS,NULL,NULL,NULL,NULL,NULL,SAO_JOSE_DO_RIO_PRETO
MARINGA,CAMPINAS,NULL,NULL,NULL,NULL,NULL,PRESIDENTE_PRUDENTE
MARINGA,CURITIBA,NULL,NULL,NULL,NULL,NULL,SAO_JOSE_DOS_CAMPOS
MARINGA,CURITIBA,CAMPINAS,NULL,NULL,NULL,NULL,NAVEGANTES
MARINGA,CAMPINAS,NULL,NULL,NULL,NULL,NULL,FLORIANOPOLIS
MARINGA,CAMPINAS,NULL,NULL,NULL,NULL,NULL,PORTO_ALEGRE
MONTES_CLAROS,NULL,NULL,NULL,NULL,NULL,NULL,PAMPULHA
MONTES_CLAROS,CAMPINAS,NULL,NULL,NULL,NULL,NULL,MANAUS
MONTES_CLAROS,CAMPINAS,NULL,NULL,NULL,NULL,NULL,CASCAVEL
MONTES_CLAROS,PAMPULHA,NULL,NULL,NULL,NULL,NULL,PATOS_DE_MINAS
MONTES_CLAROS,CONFINS,CAMPINAS,NULL,NULL,NULL,NULL,SAO_JOSE_DO_RIO_PRETO
MONTES_CLAROS,CONFINS,NULL,NULL,NULL,NULL,NULL,PORTO_SEGURO
MONTES_CLAROS,CONFINS,NULL,NULL,NULL,NULL,NULL,RECIFE
MONTES_CLAROS,CONFINS,NULL,NULL,NULL,NULL,NULL,VITORIA
MONTES_CLAROS,CONFINS,NULL,NULL,NULL,NULL,NULL,RIO_BRANCO
MONTES_CLAROS,CAMPINAS,MANAUS,NULL,NULL,NULL,NULL,BOA_VISTA
MONTES_CLAROS,NULL,NULL,NULL,NULL,NULL,NULL,CONFINS
NATAL,NULL,NULL,NULL,NULL,NULL,NULL,RECIFE
NATAL,NULL,NULL,NULL,NULL,NULL,NULL,SALVADOR
NATAL,NULL,NULL,NULL,NULL,NULL,NULL,GUARULHOS
NATAL,NULL,NULL,NULL,NULL,NULL,NULL,FORTALEZA
NATAL,NULL,NULL,NULL,NULL,NULL,NULL,CAMPINAS
NATAL,NULL,NULL,NULL,NULL,NULL,NULL,CONFINS
NATAL,CAMPINAS,NULL,NULL,NULL,NULL,NULL,BRASILIA
NATAL,CAMPINAS,NULL,NULL,NULL,NULL,NULL,PORTO_ALEGRE
NATAL,CAMPINAS,NULL,NULL,NULL,NULL,NULL,NAVEGANTES
NATAL,CAMPINAS,NULL,NULL,NULL,NULL,NULL,FLORIANOPOLIS
NATAL,CAMPINAS,NULL,NULL,NULL,NULL,NULL,PRESIDENTE_PRUDENTE
NATAL,CAMPINAS,NULL,NULL,NULL,NULL,NULL,SAO_JOSE_DOS_CAMPOS
NATAL,CAMPINAS,NULL,NULL,NULL,NULL,NULL,CURITIBA
NATAL,CAMPINAS,NULL,NULL,NULL,NULL,NULL,JOINVILE
NATAL,CAMPINAS,NULL,NULL,NULL,NULL,NULL,UBERABA
NATAL,CAMPINAS,NULL,NULL,NULL,NULL,NULL,SAO_JOSE_DO_RIO_PRETO
NATAL,CAMPINAS,NULL,NULL,NULL,NULL,NULL,GOIANIA
NATAL,CAMPINAS,NULL,NULL,NULL,NULL,NULL,SANTOS_DUMONT
NATAL,CAMPINAS,NULL,NULL,NULL,NULL,NULL,CAMPO_GRANDE
NATAL,CAMPINAS,NULL,NULL,NULL,NULL,NULL,CUIABA
NATAL,RECIFE,NULL,NULL,NULL,NULL,NULL,SALVADOR
NATAL,CONFINS,NULL,NULL,NULL,NULL,NULL,VITORIA
NATAL,CONFINS,NULL,NULL,NULL,NULL,NULL,PORTO_SEGURO
NATAL,NULL,NULL,NULL,NULL,NULL,NULL,RECIFE
NATAL,NULL,NULL,NULL,NULL,NULL,NULL,SALVADOR
NATAL,NULL,NULL,NULL,NULL,NULL,NULL,GUARULHOS
NATAL,NULL,NULL,NULL,NULL,NULL,NULL,FORTALEZA
NATAL,NULL,NULL,NULL,NULL,NULL,NULL,CAMPINAS
NATAL,NULL,NULL,NULL,NULL,NULL,NULL,CONFINS
NATAL,CAMPINAS,NULL,NULL,NULL,NULL,NULL,BRASILIA
NATAL,CAMPINAS,NULL,NULL,NULL,NULL,NULL,PORTO_ALEGRE
NATAL,CAMPINAS,NULL,NULL,NULL,NULL,NULL,NAVEGANTES
NATAL,CAMPINAS,NULL,NULL,NULL,NULL,NULL,FLORIANOPOLIS
NATAL,CAMPINAS,NULL,NULL,NULL,NULL,NULL,PRESIDENTE_PRUDENTE
NATAL,CAMPINAS,NULL,NULL,NULL,NULL,NULL,SAO_JOSE_DOS_CAMPOS
NATAL,CAMPINAS,NULL,NULL,NULL,NULL,NULL,CURITIBA
NATAL,CAMPINAS,NULL,NULL,NULL,NULL,NULL,JOINVILE
NATAL,CAMPINAS,NULL,NULL,NULL,NULL,NULL,UBERABA
NATAL,CAMPINAS,NULL,NULL,NULL,NULL,NULL,SAO_JOSE_DO_RIO_PRETO
NATAL,CAMPINAS,NULL,NULL,NULL,NULL,NULL,GOIANIA
NATAL,CAMPINAS,NULL,NULL,NULL,NULL,NULL,SANTOS_DUMONT
NATAL,CAMPINAS,NULL,NULL,NULL,NULL,NULL,CAMPO_GRANDE
NATAL,CAMPINAS,NULL,NULL,NULL,NULL,NULL,CUIABA
NATAL,RECIFE,NULL,NULL,NULL,NULL,NULL,SALVADOR
NATAL,CONFINS,NULL,NULL,NULL,NULL,NULL,VITORIA
NATAL,CONFINS,NULL,NULL,NULL,NULL,NULL,PORTO_SEGURO
NAVEGANTES,NULL,NULL,NULL,NULL,NULL,NULL,CONGONHAS
NAVEGANTES,CONGONHAS,NULL,NULL,NULL,NULL,NULL,CONFINS
NAVEGANTES,CONGONHAS,NULL,NULL,NULL,NULL,NULL,SANTOS_DUMMONT
NAVEGANTES,CONGONHAS,NULL,NULL,NULL,NULL,NULL,VITORIA
NAVEGANTES,CONGONHAS,NULL,NULL,NULL,NULL,NULL,PORTO_SEGURO
NAVEGANTES,CONGONHAS,NULL,NULL,NULL,NULL,NULL,SALVADOR
NAVEGANTES,CONGONHAS,NULL,NULL,NULL,NULL,NULL,GUARULHOS
NAVEGANTES,CONGONHAS,NULL,NULL,NULL,NULL,NULL,RIBEIRAO_PRETO
NAVEGANTES,CONGONHAS,NULL,NULL,NULL,NULL,NULL,UBERLANDIA
NAVEGANTES,CONGONHAS,NULL,NULL,NULL,NULL,NULL,GOIANIA
NAVEGANTES,CONGONHAS,GOIANIA,NULL,NULL,NULL,NULL,BRASILIA
NAVEGANTES,CONGONHAS,NULL,NULL,NULL,NULL,NULL,CUIABA
NAVEGANTES,CONGONHAS,NULL,NULL,NULL,NULL,NULL,SAO_JOSE_DO_RIO_PRETO
NAVEGANTES,CONGONHAS,SAO_JOSE_DO_RIO_PRETO,NULL,NULL,NULL,NULL,CAMPO_GRANDE
NAVEGANTES,CONGONHAS,NULL,NULL,NULL,NULL,NULL,LONDRINA
NAVEGANTES,CONGONHAS,NULL,NULL,NULL,NULL,NULL,PORTO_ALEGRE
PALMAS,NULL,NULL,NULL,NULL,NULL,NULL,BRASILIA
PALMAS,NULL,NULL,NULL,NULL,NULL,NULL,GOIANIA
PALMAS,NULL,NULL,NULL,NULL,NULL,NULL,UBERLANDIA
PALMAS,BRASILIA,NULL,NULL,NULL,NULL,NULL,MARABA
PALMAS,BRASILIA,NULL,NULL,NULL,NULL,NULL,MANAUS
PALMAS,BRASILIA,NULL,NULL,NULL,NULL,NULL,RIO_BRANCO
PALMAS,BRASILIA,NULL,NULL,NULL,NULL,NULL,PORTO_VELHO
PALMAS,BRASILIA,NULL,NULL,NULL,NULL,NULL,CUIABA
PALMAS,BRASILIA,NULL,NULL,NULL,NULL,NULL,PORTO_ALEGRE
PALMAS,BRASILIA,NULL,NULL,NULL,NULL,NULL,CURITIBA
PALMAS,BRASILIA,NULL,NULL,NULL,NULL,NULL,CONGONHAS
PALMAS,BRASILIA,NULL,NULL,NULL,NULL,NULL,GUARULHOS
PALMAS,BRASILIA,NULL,NULL,NULL,NULL,NULL,CONFINS
PALMAS,BRASILIA,NULL,NULL,NULL,NULL,NULL,RIO_DE_JANEIRO
PALMAS,BRASILIA,NULL,NULL,NULL,NULL,NULL,SANTOS_DUMMONT
PALMAS,BRASILIA,NULL,NULL,NULL,NULL,NULL,PORTO_SEGURO
PALMAS,BRASILIA,NULL,NULL,NULL,NULL,NULL,SALVADOR
PALMAS,BRASILIA,NULL,NULL,NULL,NULL,NULL,MACEIO
PALMAS,BRASILIA,NULL,NULL,NULL,NULL,NULL,RECIFE
PALMAS,BRASILIA,NULL,NULL,NULL,NULL,NULL,TERESINA
PALMAS,BRASILIA,NULL,NULL,NULL,NULL,NULL,_SAO_LUIZ
PALMAS,BRASILIA,NULL,NULL,NULL,NULL,NULL,FORTALEZA
PALMAS,BRASILIA,NULL,NULL,NULL,NULL,NULL,BELEM
PORTO_ALEGRE,NULL,NULL,NULL,NULL,NULL,NULL,RIO_GRANDE
PORTO_ALEGRE,NULL,NULL,NULL,NULL,NULL,NULL,SANTA_MARIA
PORTO_ALEGRE,NULL,NULL,NULL,NULL,NULL,NULL,PASSO_FUNDO
PORTO_ALEGRE,NULL,NULL,NULL,NULL,NULL,NULL,SANTA_ROSA
PORTO_ALEGRE,NULL,NULL,NULL,NULL,NULL,NULL,SANTO_ANGELO
PORTO_ALEGRE,NULL,NULL,NULL,NULL,NULL,NULL,FOZ_DO_IGUACU
PORTO_ALEGRE,NULL,NULL,NULL,NULL,NULL,NULL,JOACABA
PORTO_ALEGRE,NULL,NULL,NULL,NULL,NULL,NULL,FLORIANOPOLIS
PORTO_ALEGRE,NULL,NULL,NULL,NULL,NULL,NULL,NAVEGANTES
PORTO_ALEGRE,NULL,NULL,NULL,NULL,NULL,NULL,JOINVILLE
PORTO_ALEGRE,NULL,NULL,NULL,NULL,NULL,NULL,CACADOR
PORTO_ALEGRE,NULL,NULL,NULL,NULL,NULL,NULL,LONDRINA
PORTO_ALEGRE,NULL,NULL,NULL,NULL,NULL,NULL,RIO_GRANDE
PORTO_ALEGRE,NULL,NULL,NULL,NULL,NULL,NULL,CURITIBA
PORTO_ALEGRE,NULL,NULL,NULL,NULL,NULL,NULL,GUARULHOS
PORTO_ALEGRE,NULL,NULL,NULL,NULL,NULL,NULL,CONGONHAS
PORTO_ALEGRE,NULL,NULL,NULL,NULL,NULL,NULL,BRASILIA
PORTO_ALEGRE,NULL,NULL,NULL,NULL,NULL,NULL,GALEAO
PORTO_ALEGRE,CONGONHAS,NULL,NULL,NULL,NULL,NULL,COMANDATUBA
PORTO_ALEGRE,CONGONHAS,NULL,NULL,NULL,NULL,NULL,ILHEUS
PORTO_ALEGRE,GUARULHOS,NULL,NULL,NULL,NULL,NULL,SAO_JOSE_DO_RIO_PRETO
PORTO_ALEGRE,GUARULHOS,NULL,NULL,NULL,NULL,NULL,RIBEIRAO_PRETO
PORTO_ALEGRE,GUARULHOS,NULL,NULL,NULL,NULL,NULL,CAMPO_GRANDE
PORTO_ALEGRE,GUARULHOS,NULL,NULL,NULL,NULL,NULL,MANAUS
PORTO_ALEGRE,GUARULHOS,NULL,NULL,NULL,NULL,NULL,BELEM
PORTO_ALEGRE,GUARULHOS,NULL,NULL,NULL,NULL,NULL,SALVADOR
PORTO_ALEGRE,GUARULHOS,NULL,NULL,NULL,NULL,NULL,ARACAJU
PORTO_ALEGRE,GUARULHOS,NULL,NULL,NULL,NULL,NULL,RECIFE
PORTO_ALEGRE,GUARULHOS,NULL,NULL,NULL,NULL,NULL,JOAO_PESSOA
PORTO_ALEGRE,GUARULHOS,NULL,NULL,NULL,NULL,NULL,SAO_LUIS
PORTO_ALEGRE,GUARULHOS,NULL,NULL,NULL,NULL,NULL,MANAUS
PORTO_ALEGRE,GUARULHOS,NULL,NULL,NULL,NULL,NULL,FORTALEZA
PORTO_ALEGRE,BRASILIA,NULL,NULL,NULL,NULL,NULL,CUIABA
PORTO_ALEGRE,BRASILIA,NULL,NULL,NULL,NULL,NULL,PORTO_VELHO
PORTO_ALEGRE,BRASILIA,NULL,NULL,NULL,NULL,NULL,RIO_BRANCO
PORTO_ALEGRE,BRASILIA,NULL,NULL,NULL,NULL,NULL,MARABA
PORTO_ALEGRE,BRASILIA,NULL,NULL,NULL,NULL,NULL,PALMAS
PORTO_ALEGRE,BRASILIA,NULL,NULL,NULL,NULL,NULL,TERESINA
PORTO_SEGURO,NULL,NULL,NULL,NULL,NULL,NULL,SALVADOR
PORTO_SEGURO,NULL,NULL,NULL,NULL,NULL,NULL,CONFINS
PORTO_SEGURO,NULL,NULL,NULL,NULL,NULL,NULL,CONGONHAS
PORTO_SEGURO,NULL,NULL,NULL,NULL,NULL,NULL,GUARULHOS
PORTO_SEGURO,GUARULHOS,NULL,NULL,NULL,NULL,NULL,GALEAO
PORTO_SEGURO,GUARULHOS,NULL,NULL,NULL,NULL,NULL,VITORIA
PORTO_SEGURO,GUARULHOS,NULL,NULL,NULL,NULL,NULL,ARACAJU
PORTO_SEGURO,GUARULHOS,NULL,NULL,NULL,NULL,NULL,MACEIO
PORTO_SEGURO,GUARULHOS,NULL,NULL,NULL,NULL,NULL,RECIFE
PORTO_SEGURO,GUARULHOS,NULL,NULL,NULL,NULL,NULL,NATAL
PORTO_SEGURO,GUARULHOS,NULL,NULL,NULL,NULL,NULL,FORTALEZA
PORTO_SEGURO,GUARULHOS,NULL,NULL,NULL,NULL,NULL,BELEM
PORTO_SEGURO,GUARULHOS,NULL,NULL,NULL,NULL,NULL,MACAPA_
PORTO_SEGURO,GUARULHOS,NULL,NULL,NULL,NULL,NULL,BOA_VISTA
PORTO_SEGURO,GUARULHOS,NULL,NULL,NULL,NULL,NULL,CUIABA
PORTO_SEGURO,GUARULHOS,NULL,NULL,NULL,NULL,NULL,CAMPO_GRANDE
PORTO_SEGURO,GUARULHOS,NULL,NULL,NULL,NULL,NULL,FOZ_DO_IGUACU
PORTO_SEGURO,CONGONHAS,NULL,NULL,NULL,NULL,NULL,CURITIBA
PORTO_SEGURO,CONGONHAS,NULL,NULL,NULL,NULL,NULL,LONDRINA
PORTO_SEGURO,CONGONHAS,NULL,NULL,NULL,NULL,NULL,JOINVILLE
PORTO_VELHO,NULL,NULL,NULL,NULL,NULL,NULL,MANAUS
PORTO_VELHO,NULL,NULL,NULL,NULL,NULL,NULL,BRASILIA
PORTO_VELHO,NULL,NULL,NULL,NULL,NULL,NULL,CUIABA
PORTO_VELHO,BRASILIA,NULL,NULL,NULL,NULL,NULL,BOA_VISTA
PORTO_VELHO,BRASILIA,NULL,NULL,NULL,NULL,NULL,BELEM
PORTO_VELHO,MANAUS,NULL,NULL,NULL,NULL,NULL,FORTALEZA
PORTO_VELHO,BRASILIA,NULL,NULL,NULL,NULL,NULL,SAO_LUIS
PORTO_VELHO,BRASILIA,NULL,NULL,NULL,NULL,NULL,TERESINA
PORTO_VELHO,CUIABA,NULL,NULL,NULL,NULL,NULL,NATAL
PORTO_VELHO,BRASILIA,NULL,NULL,NULL,NULL,NULL,RECIFE
PORTO_VELHO,BRASILIA,NULL,NULL,NULL,NULL,NULL,MACEIO
PORTO_VELHO,MANAUS,NULL,NULL,NULL,NULL,NULL,ARACAJU
PORTO_VELHO,BRASILIA,NULL,NULL,NULL,NULL,NULL,SALVADOR
PORTO_VELHO,BRASILIA,NULL,NULL,NULL,NULL,NULL,PORTO_SEGURO
PORTO_VELHO,BRASILIA,NULL,NULL,NULL,NULL,NULL,VITORIA
PORTO_VELHO,BRASILIA,NULL,NULL,NULL,NULL,NULL,SANTOS_DUMONT
PORTO_VELHO,BRASILIA,NULL,NULL,NULL,NULL,NULL,GALEAO
PORTO_VELHO,BRASILIA,NULL,NULL,NULL,NULL,NULL,CONGONHAS
PORTO_VELHO,CUIABA,NULL,NULL,NULL,NULL,NULL,GUARULHOS
PORTO_VELHO,MANAUS,NULL,NULL,NULL,NULL,NULL,CURITIBA
PORTO_VELHO,CUIABA,NULL,NULL,NULL,NULL,NULL,LONDRINA
PORTO_VELHO,BRASILIA,NULL,NULL,NULL,NULL,NULL,FLORIANOPOLIS
PORTO_VELHO,BRASILIA,NULL,NULL,NULL,NULL,NULL,PORTO_ALEGRE
PORTO_VELHO,BRASILIA,NULL,NULL,NULL,NULL,NULL,CONFINS
PORTO_VELHO,BRASILIA,NULL,NULL,NULL,NULL,NULL,GOIANIA
PORTO_VELHO,BRASILIA,NULL,NULL,NULL,NULL,NULL,MARABA
PORTO_VELHO,BRASILIA,NULL,NULL,NULL,NULL,NULL,IMPERATRIZ
PORTO_VELHO,BRASILIA,NULL,NULL,NULL,NULL,NULL,PALMAS
PORTO_VELHO,NULL,NULL,NULL,NULL,NULL,NULL,MANAUS
PORTO_VELHO,NULL,NULL,NULL,NULL,NULL,NULL,CUIABA
PORTO_VELHO,NULL,NULL,NULL,NULL,NULL,NULL,CAMPINAS
PORTO_VELHO,NULL,NULL,NULL,NULL,NULL,NULL,SANTOS_DUMONT
PRESIDENTE_PRUDENTE,NULL,NULL,NULL,NULL,NULL,NULL,CAMPINAS
PRESIDENTE_PRUDENTE,CAMPINAS,NULL,NULL,NULL,NULL,NULL,MANAUS
PRESIDENTE_PRUDENTE,CAMPINAS,CONFINS,NULL,NULL,NULL,NULL,BELEM
PRESIDENTE_PRUDENTE,CAMPINAS,NULL,NULL,NULL,NULL,NULL,TERESINA
PRESIDENTE_PRUDENTE,CAMPINAS,NULL,NULL,NULL,NULL,NULL,FORTALEZA
PRESIDENTE_PRUDENTE,CAMPINAS,NULL,NULL,NULL,NULL,NULL,NATAL
PRESIDENTE_PRUDENTE,CAMPINAS,NULL,NULL,NULL,NULL,NULL,RECIFE
PRESIDENTE_PRUDENTE,CAMPINAS,NULL,NULL,NULL,NULL,NULL,MACEIO
PRESIDENTE_PRUDENTE,CAMPINAS,MACEIO,NULL,NULL,NULL,NULL,ARACAJU
PRESIDENTE_PRUDENTE,CAMPINAS,NULL,NULL,NULL,NULL,NULL,SALVADOR
PRESIDENTE_PRUDENTE,CAMPINAS,NULL,NULL,NULL,NULL,NULL,VITORIA
PRESIDENTE_PRUDENTE,CAMPINAS,NULL,NULL,NULL,NULL,NULL,BRASILIA
PRESIDENTE_PRUDENTE,CAMPINAS,NULL,NULL,NULL,NULL,NULL,GOIANIA
PRESIDENTE_PRUDENTE,CAMPINAS,NULL,NULL,NULL,NULL,NULL,CAMPO_GRANDE
PRESIDENTE_PRUDENTE,CAMPINAS,NULL,NULL,NULL,NULL,NULL,UBERABA
PRESIDENTE_PRUDENTE,CAMPINAS,NULL,NULL,NULL,NULL,NULL,SAO_JOSE_DO_RIO_PRETO
PRESIDENTE_PRUDENTE,CAMPINAS,NULL,NULL,NULL,NULL,NULL,RIBEIRAO_PRETO
PRESIDENTE_PRUDENTE,CAMPINAS,NULL,NULL,NULL,NULL,NULL,CONFINS
PRESIDENTE_PRUDENTE,CAMPINAS,NULL,NULL,NULL,NULL,NULL,SANTOS_DUMONT
PRESIDENTE_PRUDENTE,CAMPINAS,NULL,NULL,NULL,NULL,NULL,GALEAO
PRESIDENTE_PRUDENTE,CAMPINAS,NULL,NULL,NULL,NULL,NULL,MARINGA
PRESIDENTE_PRUDENTE,CAMPINAS,NULL,NULL,NULL,NULL,NULL,CURITIBA
PRESIDENTE_PRUDENTE,CAMPINAS,NULL,NULL,NULL,NULL,NULL,NAVEGANTES
PRESIDENTE_PRUDENTE,CAMPINAS,NULL,NULL,NULL,NULL,NULL,JOINVILLE
PRESIDENTE_PRUDENTE,CAMPINAS,NULL,NULL,NULL,NULL,NULL,PORTO_ALEGRE
RECIFE,NULL,NULL,NULL,NULL,NULL,NULL,BOA_VISTA
RECIFE,NULL,NULL,NULL,NULL,NULL,NULL,MACAPA
RECIFE,NULL,NULL,NULL,NULL,NULL,NULL,BELEM
RECIFE,NULL,NULL,NULL,NULL,NULL,NULL,FORTALEZA
RECIFE,GUARULHOS,NULL,NULL,NULL,NULL,NULL,MACEIO
RECIFE,NULL,NULL,NULL,NULL,NULL,NULL,ARACAJU
RECIFE,NULL,NULL,NULL,NULL,NULL,NULL,SALVADOR
RECIFE,GUARULHOS,NULL,NULL,NULL,NULL,NULL,ILHEUS
RECIFE,SALVADOR,NULL,NULL,NULL,NULL,NULL,PORTO_SEGURO
RECIFE,SANTOS_DUMONT,NULL,NULL,NULL,NULL,NULL,VITORIA
RECIFE,NULL,NULL,NULL,NULL,NULL,NULL,GALEAO
RECIFE,CONFINS,NULL,NULL,NULL,NULL,NULL,CONGONHAS
RECIFE,NULL,NULL,NULL,NULL,NULL,NULL,GUARULHOS
RECIFE,NULL,NULL,NULL,NULL,NULL,NULL,RIBEIRAO_PRETO
RECIFE,PORTO_ALEGRE,NULL,NULL,NULL,NULL,NULL,CURITIBA
RECIFE,GUARULHOS,NULL,NULL,NULL,NULL,NULL,FLORIANOPOLIS
RECIFE,BRASILIA,NULL,NULL,NULL,NULL,NULL,LONDRINA
RECIFE,GUARULHOS,NULL,NULL,NULL,NULL,NULL,FOZ_DO_IGUACU
RECIFE,GUARULHOS,NULL,NULL,NULL,NULL,NULL,CAMPO_GRANDE
RECIFE,BRASILIA,NULL,NULL,NULL,NULL,NULL,SAO_JOSE_DO_RIO_PRETO
RECIFE,NULL,NULL,NULL,NULL,NULL,NULL,RIBEIRAO_PRETO
RECIFE,GUARULHOS,NULL,NULL,NULL,NULL,NULL,GOIANIA
RECIFE,NULL,NULL,NULL,NULL,NULL,NULL,BRASILIA
RECIFE,BRASILIA,NULL,NULL,NULL,NULL,NULL,CUIABA
RECIFE,BRASILIA,NULL,NULL,NULL,NULL,NULL,PALMAS
RECIFE,BRASILIA,NULL,NULL,NULL,NULL,NULL,PORTO_VELHO
RECIFE,BRASILIA,NULL,NULL,NULL,NULL,NULL,RIO_BRANCO
RECIFE,BRASILIA,NULL,NULL,NULL,NULL,NULL,MANAUS
RECIFE,BRASILIA,NULL,NULL,NULL,NULL,NULL,MARABA
RECIFE,BRASILIA,NULL,NULL,NULL,NULL,NULL,IMPERATRIZ
RECIFE,NULL,NULL,NULL,NULL,NULL,NULL,FERNANDO_DE_NORONHA
RECIFE,BRASILIA,NULL,NULL,NULL,NULL,NULL,TERESINA
RECIFE,NULL,NULL,NULL,NULL,NULL,NULL,FORTALEZA
RECIFE,NULL,NULL,NULL,NULL,NULL,NULL,BELEM
RECIFE,NULL,NULL,NULL,NULL,NULL,NULL,CAMPINAS
RECIFE,NULL,NULL,NULL,NULL,NULL,NULL,CONFINS
RECIFE,NULL,NULL,NULL,NULL,NULL,NULL,VITORIA
RECIFE,NULL,NULL,NULL,NULL,NULL,NULL,SALVADOR
RECIFE,CAMPINAS,NULL,NULL,NULL,NULL,NULL,MANAUS
RECIFE,CONFINS,NULL,NULL,NULL,NULL,NULL,BELEM
RECIFE,CAMPINAS,NULL,NULL,NULL,NULL,NULL,TERESINA
RECIFE,CAMPINAS,NULL,NULL,NULL,NULL,NULL,JOAO_PESSOA
RECIFE,CAMPINAS,NULL,NULL,NULL,NULL,NULL,MACEIO
RECIFE,SALVADOR,CONFINS,NULL,NULL,NULL,NULL,ILHEUS
RECIFE,SALVADOR,CONFINS,NULL,NULL,NULL,NULL,PORTO_SEGURO
RECIFE,CAMPINAS,NULL,NULL,NULL,NULL,NULL,BRASILIA
RECIFE,CAMPINAS,NULL,NULL,NULL,NULL,NULL,GOIANIA
RECIFE,CAMPINAS,NULL,NULL,NULL,NULL,NULL,CUIABA
RECIFE,CAMPINAS,NULL,NULL,NULL,NULL,NULL,CAMPO_GRANDE
RECIFE,CAMPINAS,NULL,NULL,NULL,NULL,NULL,UBERABA
RECIFE,CAMPINAS,NULL,NULL,NULL,NULL,NULL,RIBEIRAO_PRETO
RECIFE,CAMPINAS,NULL,NULL,NULL,NULL,NULL,SAO_JOSE_DO_RIO_PRETO
RECIFE,CAMPINAS,NULL,NULL,NULL,NULL,NULL,PRESIDENTE_PRUDENTE
RECIFE,CAMPINAS,NULL,NULL,NULL,NULL,NULL,MARINGA
RECIFE,CONFINS,NULL,NULL,NULL,NULL,NULL,SAO_JOSE_DOS_CAMPOS
RECIFE,CAMPINAS,NULL,NULL,NULL,NULL,NULL,GALEAO
RECIFE,CAMPINAS,NULL,NULL,NULL,NULL,NULL,SANTOS_DUMONT
RECIFE,CAMPINAS,NULL,NULL,NULL,NULL,NULL,CURITIBA
RECIFE,CAMPINAS,NULL,NULL,NULL,NULL,NULL,JOINVILLE
RECIFE,CAMPINAS,NULL,NULL,NULL,NULL,NULL,NAVEGANTES
RECIFE,CAMPINAS,NULL,NULL,NULL,NULL,NULL,FLORIANOPOLIS
RECIFE,CAMPINAS,NULL,NULL,NULL,NULL,NULL,PORTO_ALEGRE
RIBEIRAO_PRETO,GUARULHOS,NULL,NULL,NULL,NULL,NULL,TERESINA
RIBEIRAO_PRETO,NULL,NULL,NULL,NULL,NULL,NULL,RECIFE
RIBEIRAO_PRETO,NULL,NULL,NULL,NULL,NULL,NULL,SALVADOR
RIBEIRAO_PRETO,CONGONHAS,NULL,NULL,NULL,NULL,NULL,ILHEUS
RIBEIRAO_PRETO,NULL,NULL,NULL,NULL,NULL,NULL,COMANDATUBA
RIBEIRAO_PRETO,NULL,NULL,NULL,NULL,NULL,NULL,PORTO_SEGURO
RIBEIRAO_PRETO,NULL,NULL,NULL,NULL,NULL,NULL,VITORIA
RIBEIRAO_PRETO,NULL,NULL,NULL,NULL,NULL,NULL,SANTOS_DUMONT
RIBEIRAO_PRETO,NULL,NULL,NULL,NULL,NULL,NULL,CONGONHAS
RIBEIRAO_PRETO,CONGONHAS,NULL,NULL,NULL,NULL,NULL,CURITIBA
RIBEIRAO_PRETO,CONGONHAS,NULL,NULL,NULL,NULL,NULL,JOINVILLE
RIBEIRAO_PRETO,CONGONHAS,NULL,NULL,NULL,NULL,NULL,NAVEGANTES
RIBEIRAO_PRETO,CONGONHAS,NULL,NULL,NULL,NULL,NULL,FLORIANOPOLIS
RIBEIRAO_PRETO,CONGONHAS,NULL,NULL,NULL,NULL,NULL,PORTO_ALEGRE
RIBEIRAO_PRETO,CONGONHAS,NULL,NULL,NULL,NULL,NULL,LONDRINA
RIBEIRAO_PRETO,CONGONHAS,NULL,NULL,NULL,NULL,NULL,SAO_JOSE_DO_RIO_PRETO
RIBEIRAO_PRETO,CONGONHAS,NULL,NULL,NULL,NULL,NULL,CAMPO_GRANDE
RIBEIRAO_PRETO,NULL,NULL,NULL,NULL,NULL,NULL,UBERLANDIA
RIBEIRAO_PRETO,NULL,NULL,NULL,NULL,NULL,NULL,GOIANIA
RIBEIRAO_PRETO,NULL,NULL,NULL,NULL,NULL,NULL,PAMPULHA
RIBEIRAO_PRETO,CONGONHAS,NULL,NULL,NULL,NULL,NULL,CONFINS
RIBEIRAO_PRETO,NULL,NULL,NULL,NULL,NULL,NULL,BRASILIA
RIBEIRAO_PRETO,NULL,NULL,NULL,NULL,NULL,NULL,CUIABA
RIBEIRAO_PRETO,NULL,NULL,NULL,NULL,NULL,NULL,GUARULHOS
RIBEIRAO_PRETO,NULL,NULL,NULL,NULL,NULL,NULL,CAMPINAS
RIBEIRAO_PRETO,NULL,NULL,NULL,NULL,NULL,NULL,CONFINS
RIBEIRAO_PRETO,CAMPINAS,NULL,NULL,NULL,NULL,NULL,MANAUS
RIBEIRAO_PRETO,CAMPINAS,CONFINS,NULL,NULL,NULL,NULL,BELEM
RIBEIRAO_PRETO,CAMPINAS,CONFINS,NULL,NULL,NULL,NULL,SAO_LUIS
RIBEIRAO_PRETO,CAMPINAS,NULL,NULL,NULL,NULL,NULL,TERESINA
RIBEIRAO_PRETO,CAMPINAS,NULL,NULL,NULL,NULL,NULL,FORTALEZA
RIBEIRAO_PRETO,CAMPINAS,NULL,NULL,NULL,NULL,NULL,NATAL
RIBEIRAO_PRETO,CAMPINAS,NULL,NULL,NULL,NULL,NULL,JOAO_PESSOA
RIBEIRAO_PRETO,CAMPINAS,NULL,NULL,NULL,NULL,NULL,RECIFE
RIBEIRAO_PRETO,CAMPINAS,NULL,NULL,NULL,NULL,NULL,MACEIO
RIBEIRAO_PRETO,CAMPINAS,NULL,NULL,NULL,NULL,NULL,ARACAJU
RIBEIRAO_PRETO,CAMPINAS,NULL,NULL,NULL,NULL,NULL,SALVADOR
RIBEIRAO_PRETO,CAMPINAS,NULL,NULL,NULL,NULL,NULL,VITORIA
RIBEIRAO_PRETO,CAMPINAS,NULL,NULL,NULL,NULL,NULL,BRASILIA
RIBEIRAO_PRETO,CAMPINAS,NULL,NULL,NULL,NULL,NULL,GOIANIA
RIBEIRAO_PRETO,CAMPINAS,NULL,NULL,NULL,NULL,NULL,CUIABA
RIBEIRAO_PRETO,CAMPINAS,NULL,NULL,NULL,NULL,NULL,CAMPO_GRANDE
RIBEIRAO_PRETO,CAMPINAS,NULL,NULL,NULL,NULL,NULL,UBERABA
RIBEIRAO_PRETO,CAMPINAS,NULL,NULL,NULL,NULL,NULL,PRESIDENTE_PRUDENTE
RIBEIRAO_PRETO,CAMPINAS,NULL,NULL,NULL,NULL,NULL,SANTOS_DUMONT
RIBEIRAO_PRETO,CAMPINAS,NULL,NULL,NULL,NULL,NULL,GALEAO
RIBEIRAO_PRETO,CAMPINAS,NULL,NULL,NULL,NULL,NULL,MARINGA
RIBEIRAO_PRETO,CAMPINAS,NULL,NULL,NULL,NULL,NULL,FOZ_DO_IGUACU
RIBEIRAO_PRETO,CAMPINAS,NULL,NULL,NULL,NULL,NULL,CURITIBA
RIBEIRAO_PRETO,CAMPINAS,NULL,NULL,NULL,NULL,NULL,JOINVILLE
RIBEIRAO_PRETO,CAMPINAS,NULL,NULL,NULL,NULL,NULL,NAVEGANTES
RIBEIRAO_PRETO,CAMPINAS,NULL,NULL,NULL,NULL,NULL,FLORIANOPOLIS
RIBEIRAO_PRETO,CAMPINAS,NULL,NULL,NULL,NULL,NULL,PORTO_ALEGRE
SALVADOR,GUARULHOS,NULL,NULL,NULL,NULL,NULL,MANAUS
SALVADOR,BRASILIA,NULL,NULL,NULL,NULL,NULL,PORTO_VELHO
SALVADOR,BRASILIA,NULL,NULL,NULL,NULL,NULL,RIO_BRANCO
SALVADOR,CONFINS,NULL,NULL,NULL,NULL,NULL,MACAPA
SALVADOR,RECIFE,NULL,NULL,NULL,NULL,NULL,BELEM
SALVADOR,NULL,NULL,NULL,NULL,NULL,NULL,FORTALEZA
SALVADOR,GUARULHOS,NULL,NULL,NULL,NULL,NULL,SAO_LUIS
SALVADOR,FORTALEZA,NULL,NULL,NULL,NULL,NULL,TERESINA
SALVADOR,NULL,NULL,NULL,NULL,NULL,NULL,NATAL
SALVADOR,NULL,NULL,NULL,NULL,NULL,NULL,JOAO_PESSOA
SALVADOR,RECIFE,NULL,NULL,NULL,NULL,NULL,FERNANDO_DE_NORONHA
SALVADOR,NULL,NULL,NULL,NULL,NULL,NULL,RECIFE
SALVADOR,NULL,NULL,NULL,NULL,NULL,NULL,MACEIO
SALVADOR,NULL,NULL,NULL,NULL,NULL,NULL,ARACAJU
SALVADOR,NULL,NULL,NULL,NULL,NULL,NULL,LENCOIS
SALVADOR,NULL,NULL,NULL,NULL,NULL,NULL,VITORIA_DA_CONQUISTA
SALVADOR,NULL,NULL,NULL,NULL,NULL,NULL,ILHEUS
SALVADOR,NULL,NULL,NULL,NULL,NULL,NULL,PORTO_SEGURO
SALVADOR,NULL,NULL,NULL,NULL,NULL,NULL,SANTOS_DUMONT
SALVADOR,NULL,NULL,NULL,NULL,NULL,NULL,GALEAO
SALVADOR,NULL,NULL,NULL,NULL,NULL,NULL,CONFINS
SALVADOR,CONGONHAS,NULL,NULL,NULL,NULL,NULL,UBERLANDIA
SALVADOR,CONGONHAS,NULL,NULL,NULL,NULL,NULL,GOIANIA
SALVADOR,NULL,NULL,NULL,NULL,NULL,NULL,BRASILIA
SALVADOR,BRASILIA,NULL,NULL,NULL,NULL,NULL,PALMAS
SALVADOR,BRASILIA,NULL,NULL,NULL,NULL,NULL,CUIABA
SALVADOR,CONGONHAS,NULL,NULL,NULL,NULL,NULL,CAMPO_GRANDE
SALVADOR,CONGONHAS,NULL,NULL,NULL,NULL,NULL,SAO_JOSE_DO_RIO_PRETO
SALVADOR,CONGONHAS,NULL,NULL,NULL,NULL,NULL,FOZ_DO_IGUACU
SALVADOR,CURITIBA,NULL,NULL,NULL,NULL,NULL,LONDRINA
SALVADOR,NULL,NULL,NULL,NULL,NULL,NULL,CURITIBA
SALVADOR,CONGONHAS,NULL,NULL,NULL,NULL,NULL,JOINVILLE
SALVADOR,GUARULHOS,NULL,NULL,NULL,NULL,NULL,NAVEGANTES
SALVADOR,CONGONHAS,NULL,NULL,NULL,NULL,NULL,FLORIANOPOLIS
SALVADOR,GUARULHOS,NULL,NULL,NULL,NULL,NULL,PORTO_ALEGRE
SALVADOR,NULL,NULL,NULL,NULL,NULL,NULL,RECIFE
SALVADOR,NULL,NULL,NULL,NULL,NULL,NULL,ILHEUS
SALVADOR,NULL,NULL,NULL,NULL,NULL,NULL,VITORIA
SALVADOR,NULL,NULL,NULL,NULL,NULL,NULL,CONFINS
SALVADOR,NULL,NULL,NULL,NULL,NULL,NULL,SANTOS_DUMONT
SALVADOR,NULL,NULL,NULL,NULL,NULL,NULL,CAMPINAS
SALVADOR,CONFINS,NULL,NULL,NULL,NULL,NULL,BELEM
SALVADOR,RECIFE,NULL,NULL,NULL,NULL,NULL,SAO_LUIS
SALVADOR,CONFINS,NULL,NULL,NULL,NULL,NULL,FORTALEZA
SALVADOR,RECIFE,NULL,NULL,NULL,NULL,NULL,NATAL
SALVADOR,CAMPINAS,NULL,NULL,NULL,NULL,NULL,JOAO_PESSOA
SALVADOR,CAMPINAS,NULL,NULL,NULL,NULL,NULL,MACEIO
SALVADOR,CONFINS,NULL,NULL,NULL,NULL,NULL,PORTO_SEGURO
SALVADOR,CAMPINAS,NULL,NULL,NULL,NULL,NULL,BRASILIA
SALVADOR,CAMPINAS,NULL,NULL,NULL,NULL,NULL,GOIANIA
SALVADOR,CAMPINAS,NULL,NULL,NULL,NULL,NULL,CUIABA
SALVADOR,CAMPINAS,NULL,NULL,NULL,NULL,NULL,UBERABA
SALVADOR,CAMPINAS,NULL,NULL,NULL,NULL,NULL,CAMPO_GRANDE
SALVADOR,CAMPINAS,NULL,NULL,NULL,NULL,NULL,RIBEIRAO_PRETO
SALVADOR,CAMPINAS,NULL,NULL,NULL,NULL,NULL,SAO_JOSE_DO_RIO_PRETO
SALVADOR,CAMPINAS,NULL,NULL,NULL,NULL,NULL,PRESIDENTE_PRUDENTE
SALVADOR,CONFINS,NULL,NULL,NULL,NULL,NULL,SAO_JOSE_DOS_CAMPOS
SALVADOR,CAMPINAS,NULL,NULL,NULL,NULL,NULL,GALEAO
SALVADOR,CAMPINAS,NULL,NULL,NULL,NULL,NULL,FOZ_DO_IGUACU
SALVADOR,CAMPINAS,NULL,NULL,NULL,NULL,NULL,CURITIBA
SALVADOR,CAMPINAS,NULL,NULL,NULL,NULL,NULL,JOINVILLE
SALVADOR,CAMPINAS,NULL,NULL,NULL,NULL,NULL,NAVEGANTES
SALVADOR,CAMPINAS,NULL,NULL,NULL,NULL,NULL,FLORIANOPOLIS
SALVADOR,SANTOS_DUMONT,NULL,NULL,NULL,NULL,NULL,PORTO_ALEGRE
SANTOS_DUMONT,NULL,NULL,NULL,NULL,NULL,NULL,CAMPINAS
SANTOS_DUMONT,NULL,NULL,NULL,NULL,NULL,NULL,SALVADOR
SANTOS_DUMONT,NULL,NULL,NULL,NULL,NULL,NULL,PORTO_ALEGRE
SANTOS_DUMONT,CONFINS,NULL,NULL,NULL,NULL,NULL,BELEM
SANTOS_DUMONT,RECIFE,FORTALEZA,NULL,NULL,NULL,NULL,SAO_LUIS
SANTOS_DUMONT,CONFINS,NULL,NULL,NULL,NULL,NULL,FORTALEZA
SANTOS_DUMONT,CAMPINAS,NULL,NULL,NULL,NULL,NULL,JOAO_PESSOA
SANTOS_DUMONT,CAMPINAS,NULL,NULL,NULL,NULL,NULL,MACEIO
SANTOS_DUMONT,CONFINS,NULL,NULL,NULL,NULL,NULL,ILHEUS
SANTOS_DUMONT,CONFINS,NULL,NULL,NULL,NULL,NULL,PORTO_SEGURO
SANTOS_DUMONT,CAMPINAS,NULL,NULL,NULL,NULL,NULL,GALEAO
SANTOS_DUMONT,CONFINS,NULL,NULL,NULL,NULL,NULL,SAO_JOSE_DOS_CAMPOS
SANTOS_DUMONT,CAMPINAS,NULL,NULL,NULL,NULL,NULL,BRASILIA
SANTOS_DUMONT,CAMPINAS,NULL,NULL,NULL,NULL,NULL,GOIANIA
SANTOS_DUMONT,CAMPINAS,NULL,NULL,NULL,NULL,NULL,CUIABA
SANTOS_DUMONT,CAMPINAS,NULL,NULL,NULL,NULL,NULL,CAMPO_GRANDE
SANTOS_DUMONT,CAMPINAS,NULL,NULL,NULL,NULL,NULL,UBERABA
SANTOS_DUMONT,CAMPINAS,NULL,NULL,NULL,NULL,NULL,SAO_JOSE_DO_RIO_PRETO
SANTOS_DUMONT,CAMPINAS,NULL,NULL,NULL,NULL,NULL,RIBEIRAO_PRETO
SANTOS_DUMONT,CAMPINAS,NULL,NULL,NULL,NULL,NULL,PRESIDENTE_PRUDENTE
SANTOS_DUMONT,CAMPINAS,NULL,NULL,NULL,NULL,NULL,FOZ_DO_IGUACU
SANTOS_DUMONT,CAMPINAS,NULL,NULL,NULL,NULL,NULL,CURITIBA
SANTOS_DUMONT,CAMPINAS,NULL,NULL,NULL,NULL,NULL,JOINVILLE
SANTOS_DUMONT,CAMPINAS,NULL,NULL,NULL,NULL,NULL,NAVEGANTES
SANTOS_DUMONT,CAMPINAS,NULL,NULL,NULL,NULL,NULL,FLORIANOPOLIS
SANTOS_DUMONT,CONGONHAS,FORTALEZA,NULL,NULL,NULL,NULL,SANTAREM
SANTOS_DUMONT,BRASILIA,BELEM,NULL,NULL,NULL,NULL,SANTAREM
SANTOS_DUMONT,ARACAJU,NULL,NULL,NULL,NULL,NULL,SANTAREM
SANTOS_DUMONT,BRASILIA,NULL,NULL,NULL,NULL,NULL,NATAL
SANTOS_DUMONT,CONGONHAS,BRASILIA,NULL,NULL,NULL,NULL,NATAL
SANTOS_DUMONT,BRASILIA,FORTALEZA,NULL,NULL,NULL,NULL,NATAL
SANTOS_DUMONT,CONGONHAS,NULL,NULL,NULL,NULL,NULL,CURITIBA
SANTOS_DUMONT,CONFINS,CONGONHAS,NULL,NULL,NULL,NULL,CURITIBA
SANTOS_DUMONT,NULL,NULL,NULL,NULL,NULL,NULL,CONFINS
SANTOS_DUMONT,BRASILIA,NULL,NULL,NULL,NULL,NULL,BOA_VISTA
SANTOS_DUMONT,CONFINS,GUARULHOS,NULL,NULL,NULL,NULL,BOA_VISTA
SANTOS_DUMONT,BRASILIA,MANAUS,NULL,NULL,NULL,NULL,BOA_VISTA
SAO_JOSE_DOS_CAMPOS,CONFINS,NULL,NULL,NULL,NULL,NULL,BELEM
SAO_JOSE_DOS_CAMPOS,CURITIBA,PORTO_ALEGRE,NULL,NULL,NULL,NULL,CAXIAS_DO_SUL
SAO_JOSE_DOS_CAMPOS,NULL,NULL,NULL,NULL,NULL,NULL,CURITIBA
SAO_JOSE_DOS_CAMPOS,CONFINS,NULL,NULL,NULL,NULL,NULL,FORTALEZA
SAO_JOSE_DOS_CAMPOS,CONFINS,NULL,NULL,NULL,NULL,NULL,ILHEUS
SAO_JOSE_DOS_CAMPOS,CONFINS,SALVADOR,NULL,NULL,NULL,NULL,NATAL
SAO_JOSE_DOS_CAMPOS,CURITIBA,NULL,NULL,NULL,NULL,NULL,PORTO_ALEGRE
SAO_JOSE_DOS_CAMPOS,CONFINS,NULL,NULL,NULL,NULL,NULL,PORTO_SEGURO
SAO_JOSE_DOS_CAMPOS,CONFINS,NULL,NULL,NULL,NULL,NULL,RECIFE
SAO_JOSE_DOS_CAMPOS,CONFINS,NULL,NULL,NULL,NULL,NULL,SALVADOR
SAO_JOSE_DOS_CAMPOS,CONFINS,NULL,NULL,NULL,NULL,NULL,SAO_LUIS
SAO_JOSE_DOS_CAMPOS,NULL,NULL,NULL,NULL,NULL,NULL,CAMPINAS
SAO_LUIS,GUARULHOS,NULL,NULL,NULL,NULL,NULL,ARACAJU
SAO_LUIS,NULL,NULL,NULL,NULL,NULL,NULL,CONFINS
SAO_LUIS,NULL,NULL,NULL,NULL,NULL,NULL,BELEM
SAO_LUIS,GUARULHOS,NULL,NULL,NULL,NULL,NULL,BRASILIA
SAO_LUIS,GUARULHOS,NULL,NULL,NULL,NULL,NULL,CAMPO_GRANDE
SAO_LUIS,GUARULHOS,NULL,NULL,NULL,NULL,NULL,CUIABA
SAO_LUIS,GUARULHOS,NULL,NULL,NULL,NULL,NULL,CURITIBA
SAO_LUIS,GUARULHOS,NULL,NULL,NULL,NULL,NULL,FLORIANOPOLIS
SAO_LUIS,GUARULHOS,NULL,NULL,NULL,NULL,NULL,FOZ_DO_IGUACU
SAO_LUIS,GUARULHOS,NULL,NULL,NULL,NULL,NULL,GOIANIA
SAO_LUIS,CONFINS,NULL,NULL,NULL,NULL,NULL,ILHEUS
SAO_LUIS,GUARULHOS,NULL,NULL,NULL,NULL,NULL,JOINVILLE
SAO_LUIS,GUARULHOS,SALVADOR,ARACAJU,NULL,NULL,NULL,JOAO_PESSOA
SAO_LUIS,GUARULHOS,CONFINS,ILHEUS,NULL,NULL,NULL,MACEIO
SAO_LUIS,CONFINS,GUARULHOS,NULL,NULL,NULL,NULL,MANAUS
SAO_LUIS,CONFINS,GUARULHOS,NULL,NULL,NULL,NULL,MARINGA
SAO_LUIS,CONFINS,GUARULHOS,SALVADOR,NULL,NULL,NULL,NATAL
SAO_LUIS,GUARULHOS,NULL,NULL,NULL,NULL,NULL,NAVEGANTES
SAO_LUIS,CONFINS,GUARULHOS,NULL,NULL,NULL,NULL,PORTO_ALEGRE
SAO_LUIS,CONFINS,NULL,NULL,NULL,NULL,NULL,PORTO_SEGURO
SAO_LUIS,GUARULHOS,NULL,NULL,NULL,NULL,NULL,PRESIDENTE_PRUDENTE
SAO_LUIS,GUARULHOS,NULL,NULL,NULL,NULL,NULL,RIO_DE_JANEIRO
SAO_LUIS,NULL,NULL,NULL,NULL,NULL,NULL,RECIFE
SAO_LUIS,GUARULHOS,NULL,NULL,NULL,NULL,NULL,RIBEIRAO_PRETO
SAO_LUIS,NULL,NULL,NULL,NULL,NULL,NULL,SALVADOR
SAO_LUIS,GUARULHOS,NULL,NULL,NULL,NULL,NULL,SAO_JOSE_DO_RIO_PRETO
SAO_LUIS,CONFINS,NULL,NULL,NULL,NULL,NULL,SAO_JOSE_DOS_CAMPOS
SAO_LUIS,NULL,NULL,NULL,NULL,NULL,NULL,CAMPINAS
SAO_LUIS,NULL,NULL,NULL,NULL,NULL,NULL,TERESINA
SAO_LUIS,GUARULHOS,NULL,NULL,NULL,NULL,NULL,UBERABA
SAO_JOSE_DO_RIO_PRETO,GUARULHOS,NULL,NULL,NULL,NULL,NULL,TERESINA
SAO_JOSE_DO_RIO_PRETO,GUARULHOS,NULL,NULL,NULL,NULL,NULL,RECIFE
SAO_JOSE_DO_RIO_PRETO,CONGONHAS,NULL,NULL,NULL,NULL,NULL,SALVADOR
SAO_JOSE_DO_RIO_PRETO,CONGONHAS,NULL,NULL,NULL,NULL,NULL,ILHEUS
SAO_JOSE_DO_RIO_PRETO,CONGONHAS,NULL,NULL,NULL,NULL,NULL,COMANDATUBA
SAO_JOSE_DO_RIO_PRETO,CONGONHAS,NULL,NULL,NULL,NULL,NULL,VITORIA
SAO_JOSE_DO_RIO_PRETO,NULL,NULL,NULL,NULL,NULL,NULL,SANTOS_DUMONT
SAO_JOSE_DO_RIO_PRETO,CONGONHAS,NULL,NULL,NULL,NULL,NULL,GALEAO
SAO_JOSE_DO_RIO_PRETO,CONGONHAS,NULL,NULL,NULL,NULL,NULL,CURITIBA
SAO_JOSE_DO_RIO_PRETO,CONGONHAS,NULL,NULL,NULL,NULL,NULL,LONDRINA
SAO_JOSE_DO_RIO_PRETO,CONGONHAS,NULL,NULL,NULL,NULL,NULL,JOINVILLE
SAO_JOSE_DO_RIO_PRETO,CONGONHAS,NULL,NULL,NULL,NULL,NULL,NAVEGANTES
SAO_JOSE_DO_RIO_PRETO,CONGONHAS,NULL,NULL,NULL,NULL,NULL,FLORIANOPOLIS
SAO_JOSE_DO_RIO_PRETO,CONGONHAS,NULL,NULL,NULL,NULL,NULL,PORTO_ALEGRE
SAO_JOSE_DO_RIO_PRETO,NULL,NULL,NULL,NULL,NULL,NULL,GUARULHOS
SAO_JOSE_DO_RIO_PRETO,NULL,NULL,NULL,NULL,NULL,NULL,CONGONHAS
SAO_JOSE_DO_RIO_PRETO,GUARULHOS,NULL,NULL,NULL,NULL,NULL,RIBEIRAO_PRETO
SAO_JOSE_DO_RIO_PRETO,GUARULHOS,NULL,NULL,NULL,NULL,NULL,UBERLANDIA
SAO_JOSE_DO_RIO_PRETO,GUARULHOS,NULL,NULL,NULL,NULL,NULL,GOIANIA
SAO_JOSE_DO_RIO_PRETO,CONGONHAS,NULL,NULL,NULL,NULL,NULL,CONFINS
SAO_JOSE_DO_RIO_PRETO,NULL,NULL,NULL,NULL,NULL,NULL,BRASILIA
SAO_JOSE_DO_RIO_PRETO,NULL,NULL,NULL,NULL,NULL,NULL,CAMPO_GRANDE
SAO_JOSE_DO_RIO_PRETO,NULL,NULL,NULL,NULL,NULL,NULL,CUIABA
SAO_JOSE_DO_RIO_PRETO,NULL,NULL,NULL,NULL,NULL,NULL,CAMPINAS
SAO_JOSE_DO_RIO_PRETO,CAMPINAS,NULL,NULL,NULL,NULL,NULL,MANAUS
SAO_JOSE_DO_RIO_PRETO,CAMPINAS,CONFINS,NULL,NULL,NULL,NULL,BELEM
SAO_JOSE_DO_RIO_PRETO,CAMPINAS,CONFINS,NULL,NULL,NULL,NULL,SAO_LUIS
SAO_JOSE_DO_RIO_PRETO,CAMPINAS,NULL,NULL,NULL,NULL,NULL,TERESINA
SAO_JOSE_DO_RIO_PRETO,CAMPINAS,NULL,NULL,NULL,NULL,NULL,NATAL
SAO_JOSE_DO_RIO_PRETO,CAMPINAS,NULL,NULL,NULL,NULL,NULL,JOAO_PESSOA
SAO_JOSE_DO_RIO_PRETO,CAMPINAS,NULL,NULL,NULL,NULL,NULL,RECIFE
SAO_JOSE_DO_RIO_PRETO,CAMPINAS,NULL,NULL,NULL,NULL,NULL,MACEIO
SAO_JOSE_DO_RIO_PRETO,CAMPINAS,NULL,NULL,NULL,NULL,NULL,ARACAJU
SAO_JOSE_DO_RIO_PRETO,CAMPINAS,NULL,NULL,NULL,NULL,NULL,SALVADOR
SAO_JOSE_DO_RIO_PRETO,CAMPINAS,NULL,NULL,NULL,NULL,NULL,VITORIA
SAO_JOSE_DO_RIO_PRETO,CAMPINAS,NULL,NULL,NULL,NULL,NULL,CUIABA
SAO_JOSE_DO_RIO_PRETO,CAMPINAS,NULL,NULL,NULL,NULL,NULL,GOIANIA
SAO_JOSE_DO_RIO_PRETO,CAMPINAS,NULL,NULL,NULL,NULL,NULL,BRASILIA
SAO_JOSE_DO_RIO_PRETO,CAMPINAS,NULL,NULL,NULL,NULL,NULL,UBERABA
SAO_JOSE_DO_RIO_PRETO,CAMPINAS,NULL,NULL,NULL,NULL,NULL,CONFINS
SAO_JOSE_DO_RIO_PRETO,CAMPINAS,NULL,NULL,NULL,NULL,NULL,CAMPO_GRANDE
SAO_JOSE_DO_RIO_PRETO,CAMPINAS,NULL,NULL,NULL,NULL,NULL,PRESIDENTE_PRUDENTE
SAO_JOSE_DO_RIO_PRETO,CAMPINAS,NULL,NULL,NULL,NULL,NULL,MARINGA
SAO_JOSE_DO_RIO_PRETO,CAMPINAS,NULL,NULL,NULL,NULL,NULL,SANTOS_DUMONT
SAO_JOSE_DO_RIO_PRETO,CAMPINAS,NULL,NULL,NULL,NULL,NULL,GALEAO
SAO_JOSE_DO_RIO_PRETO,CAMPINAS,NULL,NULL,NULL,NULL,NULL,FOZ_DO_IGUACU
SAO_JOSE_DO_RIO_PRETO,CAMPINAS,NULL,NULL,NULL,NULL,NULL,CURITIBA
SAO_JOSE_DO_RIO_PRETO,CAMPINAS,NULL,NULL,NULL,NULL,NULL,JOINVILLE
SAO_JOSE_DO_RIO_PRETO,CAMPINAS,NULL,NULL,NULL,NULL,NULL,NAVEGANTES
SAO_JOSE_DO_RIO_PRETO,CAMPINAS,NULL,NULL,NULL,NULL,NULL,FLORIANOPOLIS
SAO_JOSE_DO_RIO_PRETO,CAMPINAS,NULL,NULL,NULL,NULL,NULL,PORTO_ALEGRE
SAO_JOSE_DOS_CAMPOS,NULL,NULL,NULL,NULL,NULL,NULL,CAMPINAS
SAO_JOSE_DOS_CAMPOS,NULL,NULL,NULL,NULL,NULL,NULL,CURITIBA
SAO_JOSE_DOS_CAMPOS,NULL,NULL,NULL,NULL,NULL,NULL,CONFINS
SAO_JOSE_DOS_CAMPOS,CONFINS,NULL,NULL,NULL,NULL,NULL,BELEM
SAO_JOSE_DOS_CAMPOS,CONFINS,NULL,NULL,NULL,NULL,NULL,SAO_LUIS
SAO_JOSE_DOS_CAMPOS,CONFINS,NULL,NULL,NULL,NULL,NULL,FORTALEZA
SAO_JOSE_DOS_CAMPOS,CONFINS,NULL,NULL,NULL,NULL,NULL,NATAL
SAO_JOSE_DOS_CAMPOS,CONFINS,NULL,NULL,NULL,NULL,NULL,RECIFE
SAO_JOSE_DOS_CAMPOS,CONFINS,NULL,NULL,NULL,NULL,NULL,SALVADOR
SAO_JOSE_DOS_CAMPOS,CONFINS,NULL,NULL,NULL,NULL,NULL,ILHEUS
SAO_JOSE_DOS_CAMPOS,CONFINS,NULL,NULL,NULL,NULL,NULL,PORTO_SEGURO
SAO_JOSE_DOS_CAMPOS,CURITIBA,PORTO_ALEGRE,NULL,NULL,NULL,NULL,CAXIAS_DO_SUL
SAO_JOSE_DOS_CAMPOS,CURITIBA,NULL,NULL,NULL,NULL,NULL,PORTO_ALEGRE
SINOP,NULL,NULL,NULL,NULL,NULL,NULL,CUIABA
SINOP,NULL,NULL,NULL,NULL,NULL,NULL,GUARULHOS
TERESINA,GUARULHOS,NULL,NULL,NULL,NULL,NULL,CONFINS
TERESINA,GUARULHOS,NULL,NULL,NULL,NULL,NULL,BRASILIA
TERESINA,GUARULHOS,NULL,NULL,NULL,NULL,NULL,CAMPO_GRANDE
TERESINA,GUARULHOS,NULL,NULL,NULL,NULL,NULL,CUIABA
TERESINA,GUARULHOS,NULL,NULL,NULL,NULL,NULL,FLORIANOPOLIS
TERESINA,NULL,NULL,NULL,NULL,NULL,NULL,FORTALEZA
TERESINA,GUARULHOS,NULL,NULL,NULL,NULL,NULL,JOINVILLE
TERESINA,GUARULHOS,NULL,NULL,NULL,NULL,NULL,NAVEGANTES
TERESINA,GUARULHOS,NULL,NULL,NULL,NULL,NULL,PORTO_ALEGRE
TERESINA,GUARULHOS,NULL,NULL,NULL,NULL,NULL,PRESIDENTE_PRUDENTE
TERESINA,GUARULHOS,NULL,NULL,NULL,NULL,NULL,RIO_DE_JANEIRO
TERESINA,GUARULHOS,NULL,NULL,NULL,NULL,NULL,RIBEIRAO_PRETO
TERESINA,GUARULHOS,NULL,NULL,NULL,NULL,NULL,SALVADOR
TERESINA,GUARULHOS,NULL,NULL,NULL,NULL,NULL,SAO_JOSE_DO_RIO_PRETO
TERESINA,GUARULHOS,NULL,NULL,NULL,NULL,NULL,SAO_LUIS
TERESINA,NULL,NULL,NULL,NULL,NULL,NULL,GUARULHOS
TERESINA,GUARULHOS,NULL,NULL,NULL,NULL,NULL,UBERABA
TERESINA,GUARULHOS,NULL,NULL,NULL,NULL,NULL,VITORIA
UBERABA,GUARULHOS,NULL,NULL,NULL,NULL,NULL,ARACAJU
UBERABA,NULL,NULL,NULL,NULL,NULL,NULL,CONFINS
UBERABA,GUARULHOS,CONFINS,NULL,NULL,NULL,NULL,BELEM
UBERABA,GUARULHOS,NULL,NULL,NULL,NULL,NULL,BRASILIA
UBERABA,GUARULHOS,NULL,NULL,NULL,NULL,NULL,CAMPO_GRANDE
UBERABA,GUARULHOS,NULL,NULL,NULL,NULL,NULL,CURITIBA
UBERABA,GUARULHOS,NULL,NULL,NULL,NULL,NULL,FLORIANOPOLIS
UBERABA,GUARULHOS,NULL,NULL,NULL,NULL,NULL,FORTALEZA
UBERABA,GUARULHOS,NULL,NULL,NULL,NULL,NULL,GOIANIA
UBERABA,GUARULHOS,NULL,NULL,NULL,NULL,NULL,JOINVILLE
UBERABA,GUARULHOS,SALVADOR,ARACAJU,NULL,NULL,NULL,JOAO_PESSOA
UBERABA,GUARULHOS,ARACAJU,NULL,NULL,NULL,NULL,MACEIO
UBERABA,GUARULHOS,NULL,NULL,NULL,NULL,NULL,MANAUS
UBERABA,GUARULHOS,NULL,NULL,NULL,NULL,NULL,MARINGA
UBERABA,GUARULHOS,SALVADOR,NULL,NULL,NULL,NULL,NATAL
UBERABA,GUARULHOS,NULL,NULL,NULL,NULL,NULL,NAVEGANTES
UBERABA,GUARULHOS,NULL,NULL,NULL,NULL,NULL,PORTO_ALEGRE
UBERABA,GUARULHOS,NULL,NULL,NULL,NULL,NULL,PRESIDENTE_PRUDENTE
UBERABA,GUARULHOS,NULL,NULL,NULL,NULL,NULL,RIO_DE_JANEIRO
UBERABA,GUARULHOS,MACEIO,NULL,NULL,NULL,NULL,RECIFE
UBERABA,GUARULHOS,NULL,NULL,NULL,NULL,NULL,RIBEIRAO_PRETO
UBERABA,GUARULHOS,NULL,NULL,NULL,NULL,NULL,SALVADOR
UBERABA,GUARULHOS,NULL,NULL,NULL,NULL,NULL,SAO_JOSE_DO_RIO_PRETO
UBERABA,GUARULHOS,NULL,NULL,NULL,NULL,NULL,TERESINA
UBERABA,GUARULHOS,NULL,NULL,NULL,NULL,NULL,VITORIA
UBERLANDIA,NULL,NULL,NULL,NULL,NULL,NULL,CONFINS
UBERLANDIA,NULL,NULL,NULL,NULL,NULL,NULL,GUARULHOS
VITORIA,NULL,NULL,NULL,NULL,NULL,NULL,RECIFE
VITORIA,NULL,NULL,NULL,NULL,NULL,NULL,SALVADOR
VITORIA,NULL,NULL,NULL,NULL,NULL,NULL,CONFINS
VITORIA,NULL,NULL,NULL,NULL,NULL,NULL,CAMPINAS
VITORIA,NULL,NULL,NULL,NULL,NULL,NULL,GALEAO
VITORIA,CAMPINAS,NULL,NULL,NULL,NULL,NULL,MANAUS
VITORIA,CONFINS,NULL,NULL,NULL,NULL,NULL,BELEM
VITORIA,CONFINS,NULL,NULL,NULL,NULL,NULL,SAO_LUIS
VITORIA,CAMPINAS,NULL,NULL,NULL,NULL,NULL,TERESINA
VITORIA,CONFINS,NULL,NULL,NULL,NULL,NULL,FORTALEZA
VITORIA,CONFINS,NULL,NULL,NULL,NULL,NULL,NATAL
VITORIA,CAMPINAS,NULL,NULL,NULL,NULL,NULL,MACEIO
VITORIA,CAMPINAS,NULL,NULL,NULL,NULL,NULL,ARACAJU
VITORIA,CONFINS,NULL,NULL,NULL,NULL,NULL,ILHEUS
VITORIA,CONFINS,NULL,NULL,NULL,NULL,NULL,PORTO_ALEGRE
VITORIA,CAMPINAS,NULL,NULL,NULL,NULL,NULL,SANTOS_DUMONT
VITORIA,CAMPINAS,NULL,NULL,NULL,NULL,NULL,BRASILIA
VITORIA,CAMPINAS,NULL,NULL,NULL,NULL,NULL,GOIANIA
VITORIA,CAMPINAS,NULL,NULL,NULL,NULL,NULL,CUIABA
VITORIA,CAMPINAS,NULL,NULL,NULL,NULL,NULL,CAMPO_GRANDE
VITORIA,CAMPINAS,NULL,NULL,NULL,NULL,NULL,UBERABA
VITORIA,CAMPINAS,NULL,NULL,NULL,NULL,NULL,RIBEIRAO_PRETO
VITORIA,CAMPINAS,NULL,NULL,NULL,NULL,NULL,SAO_JOSE_DO_RIO_PRETO
VITORIA,CAMPINAS,NULL,NULL,NULL,NULL,NULL,PRESIDENTE_PRUDENTE
VITORIA,CAMPINAS,NULL,NULL,NULL,NULL,NULL,MARINGA
VITORIA,CAMPINAS,NULL,NULL,NULL,NULL,NULL,FOZ_DO_IGUACU
VITORIA,CAMPINAS,NULL,NULL,NULL,NULL,NULL,CURITIBA
VITORIA,CAMPINAS,NULL,NULL,NULL,NULL,NULL,JOINVILLE
VITORIA,CAMPINAS,NULL,NULL,NULL,NULL,NULL,NAVEGANTES
VITORIA,CAMPINAS,NULL,NULL,NULL,NULL,NULL,FLORIANOPOLIS
VITORIA,CAMPINAS,NULL,NULL,NULL,NULL,NULL,PORTO_ALEGRE
VITORIA,CONGONHAS,NULL,NULL,NULL,NULL,NULL,PORTO_ALEGRE
VITORIA,GUARULHOS,NULL,NULL,NULL,NULL,NULL,PORTO_ALEGRE
VITORIA,GALEAO,NULL,NULL,NULL,NULL,NULL,PORTO_ALEGRE
VITORIA,SANTOS_DUMONT,NULL,NULL,NULL,NULL,NULL,CONGONHAS
VITORIA,SANTOS_DUMONT,NULL,NULL,NULL,NULL,NULL,GUARULHOS
VITORIA,SANTOS_DUMONT,NULL,NULL,NULL,NULL,NULL,CONGONHAS
VITORIA,GALEAO,NULL,NULL,NULL,NULL,NULL,CAMPINAS
VITORIA,CONGONHAS,NULL,NULL,NULL,NULL,NULL,BELO_HORIZONTE
VITORIA,BRASILIA,NULL,NULL,NULL,NULL,NULL,BELO_HORIZONTE
VITORIA,GUARULHOS,NULL,NULL,NULL,NULL,NULL,BELO_HORIZONTE
VITORIA,GALEAO,GUARULHOS,NULL,NULL,NULL,NULL,BELO_HORIZONTE
VITORIA,NULL,NULL,NULL,NULL,NULL,NULL,GALEAO
VITORIA,NULL,NULL,NULL,NULL,NULL,NULL,SANTOS_DUMONT
VITORIA,SANTOS_DUMONT,NULL,NULL,NULL,NULL,NULL,ARACAJU
VITORIA,GUARULHOS,NULL,NULL,NULL,NULL,NULL,ARACAJU
VITORIA,CONGONHAS,SANTOS_DUMONT,NULL,NULL,NULL,NULL,ARACAJU
VITORIA,CONGONHAS,SALVADOR,NULL,NULL,NULL,NULL,ARACAJU
VITORIA,CONGONHAS,BRASILIA,NULL,NULL,NULL,NULL,ARACAJU
VITORIA,SALVADOR,NULL,NULL,NULL,NULL,NULL,ARACAJU
VITORIA,CONGONHAS,NULL,NULL,NULL,NULL,NULL,CAMPO_GRANDE
VITORIA,BRASILIA,NULL,NULL,NULL,NULL,NULL,CAMPO_GRANDE
VITORIA,SANTOS_DUMONT,NULL,NULL,NULL,NULL,NULL,CAMPO_GRANDE
VITORIA,GUARULHOS,NULL,NULL,NULL,NULL,NULL,CAMPO_GRANDE
VITORIA,SANTOS_DUMONT,CONGONHAS,NULL,NULL,NULL,NULL,CAMPO_GRANDE
VITORIA,GUARULHOS,BRASILIA,NULL,NULL,NULL,NULL,CAMPO_GRANDE
VITORIA,BRASILIA,NULL,NULL,NULL,NULL,NULL,MACAPA
VITORIA,GALEAO,NULL,NULL,NULL,NULL,NULL,MACAPA
VITORIA,GALEAO,BRASILIA,NULL,NULL,NULL,NULL,MACAPA
VITORIA,GUARULHOS,BELEM,NULL,NULL,NULL,NULL,MACAPA
VITORIA,SANTOS_DUMONT,BRASILIA,NULL,NULL,NULL,NULL,MACAPA
VITORIA,BRASILIA,NULL,NULL,NULL,NULL,NULL,BELEM
VITORIA,GALEAO,NULL,NULL,NULL,NULL,NULL,BELEM
VITORIA,SANTOS_DUMONT,BRASILIA,NULL,NULL,NULL,NULL,BELEM
VITORIA,GALEAO,BRASILIA,NULL,NULL,NULL,NULL,BELEM
VITORIA,GUARULHOS,BRASILIA,NULL,NULL,NULL,NULL,BELEM
